Datum,1,2,4,7,10,11,12
2021-07-12 00:00:00,0.461,2.111,2.78,0.645,0.007818807640546408,0.002630594922630359,0.0006315679319270612
2021-07-12 00:15:00,0.461,2.111,2.78,0.645,0.006515673033788673,0.004603541114603128,0.0009473518978905918
2021-07-12 00:30:00,0.461,2.111,2.78,0.645,0.0052125384270309385,0.006576487306575897,0.0012631358638541224
2021-07-12 00:45:00,0.461,2.111,2.78,0.645,0.003909403820273204,0.008549433498548666,0.0022104877617447143
2021-07-12 01:00:00,0.461,2.111,2.78,0.645,0.0026062692135154692,0.010522379690521435,0.0031578396596353064
2021-07-12 01:15:00,0.461,2.111,2.78,0.645,0.0013031346067577344,0.009207082229206257,0.004105191557525898
2021-07-12 01:30:00,0.461,2.111,2.78,0.645,0.0,0.007891784767891076,0.00505254345541649
2021-07-12 01:45:00,0.461,2.111,2.78,0.645,0.0,0.006576487306575896,0.004420975523489429
2021-07-12 02:00:00,0.461,2.111,2.78,0.645,0.0,0.005261189845260718,0.0037894075915623675
2021-07-12 02:15:00,0.461,2.111,2.78,0.645,0.0,0.003945892383945538,0.0031578396596353064
2021-07-12 02:30:00,0.461,2.111,2.78,0.645,0.0,0.002630594922630359,0.002526271727708245
2021-07-12 02:45:00,0.461,2.111,2.78,0.6,0.00468627252814805,0.0013152974613151788,0.0018947037957811838
2021-07-12 03:00:00,0.461,2.111,2.78,0.6,0.0093725450562961,0.0,0.0012631358638541224
2021-07-12 03:15:00,0.461,2.111,2.78,0.6,0.014058817584444149,0.0,0.0006315679319270613
2021-07-12 03:30:00,0.461,2.111,2.78,0.6,0.0187450901125922,0.0,0.0
2021-07-12 03:45:00,0.461,2.111,2.78,0.6,0.023105578989050815,0.0,0.0
2021-07-12 04:00:00,0.461,2.111,2.78,0.6,0.027466067865509432,0.0,0.0
2021-07-12 04:15:00,0.461,2.111,2.78,0.6,0.03182655674196805,0.004730012024345015,0.0
2021-07-12 04:30:00,0.461,2.111,2.64,0.6,0.036187045618426665,0.00946002404869003,0.0
2021-07-12 04:45:00,0.461,2.111,2.64,0.6,0.04027187140499422,0.014190036073035045,0.0022712154475069525
2021-07-12 05:00:00,0.461,2.111,2.64,0.6,0.04435669719156177,0.01892004809738006,0.004542430895013905
2021-07-12 05:15:00,0.461,2.111,2.64,0.6,0.048441522978129314,0.02332123575639628,0.006813646342520858
2021-07-12 05:30:00,0.461,2.111,2.64,0.6,0.05252634876469687,0.0277224234154125,0.00908486179002781
2021-07-12 05:45:00,0.461,2.111,2.64,0.6,0.06282612421426285,0.03212361107442872,0.011198185254552996
2021-07-12 06:00:00,0.461,2.111,2.64,0.6,0.07312589966382885,0.03652479873344494,0.013311508719078184
2021-07-12 06:15:00,0.461,2.111,2.64,0.6,0.08342567511339483,0.0406477503910291,0.015424832183603372
2021-07-12 06:30:00,0.461,2.111,2.64,0.6,0.09372545056296082,0.04477070204861326,0.017538155648128557
2021-07-12 06:45:00,0.461,2.111,2.64,0.6,0.07149698140538156,0.048893653706197415,0.019517878203976866
2021-07-12 07:00:00,0.461,2.111,2.64,0.557,0.049268512247802314,0.053016605363781576,0.02149760075982517
2021-07-12 07:15:00,0.461,1.967,2.64,0.6,0.027040043090223065,0.06341251414456121,0.023477323315673475
2021-07-12 07:30:00,0.461,1.967,2.64,0.557,0.004811573932643806,0.07380842292534084,0.025457045871521783
2021-07-12 07:45:00,0.461,1.967,2.64,0.6,0.008069410449538187,0.08420433170612049,0.030448861641176078
2021-07-12 08:00:00,0.461,1.967,2.64,0.6,0.011327246966432569,0.09460024048690012,0.035440677410830373
2021-07-12 08:15:00,0.461,1.967,2.64,0.557,0.01458508348332695,0.07216430109869676,0.04043249318048467
2021-07-12 08:30:00,0.461,1.967,2.64,0.557,0.01784292000022133,0.0497283617104934,0.045424308950138964
2021-07-12 08:45:00,0.421,1.967,2.64,0.557,0.04706320752867389,0.02729242232229004,0.034651217495921496
2021-07-12 09:00:00,0.421,1.967,2.64,0.557,0.07628349505712645,0.004856482934086678,0.02387812604170402
2021-07-12 09:15:00,0.421,1.967,2.64,0.557,0.105503782585579,0.008144726587374671,0.013105034587486547
2021-07-12 09:30:00,0.421,1.967,2.64,0.557,0.13472407011403156,0.011432970240662666,0.002331943133269083
2021-07-12 09:45:00,0.421,1.967,2.64,0.557,0.11034041679912229,0.014721213893950659,0.003910862963086757
2021-07-12 10:00:00,0.421,1.967,2.64,0.557,0.08595676348421302,0.018009457547238653,0.005489782792904432
2021-07-12 10:15:00,0.421,1.83,2.64,0.557,0.061573110169303766,0.04750247369903699,0.007068702622722106
2021-07-12 10:30:00,0.421,1.83,2.64,0.557,0.037189456854394495,0.07699548985083533,0.00864762245253978
2021-07-12 10:45:00,0.421,1.83,2.64,0.557,0.052350926798402836,0.10648850600263367,0.02280931877228902
2021-07-12 11:00:00,0.421,1.83,2.64,0.557,0.06751239674241118,0.13598152215443202,0.03697101509203826
2021-07-12 11:15:00,0.421,1.83,2.64,0.557,0.08267386668641952,0.11137028311866902,0.051132711411787504
2021-07-12 11:30:00,0.421,1.83,2.64,0.557,0.09783533663042786,0.08675904408290602,0.06529440773153673
2021-07-12 11:45:00,0.421,1.83,2.64,0.557,0.07848879977625514,0.06214780504714304,0.05347680008220916
2021-07-12 12:00:00,0.421,1.83,2.64,0.557,0.05914226292208242,0.03753656601138004,0.041659192432881596
2021-07-12 12:15:00,0.421,1.83,2.64,0.557,0.039795726067909695,0.05283954609014327,0.02984158478355403
2021-07-12 12:30:00,0.421,1.83,2.64,0.557,0.02044918921373698,0.0681425261689065,0.018023977134226463
2021-07-12 12:45:00,0.421,1.7,2.64,0.557,0.02044918921373698,0.08344550624766972,0.025372027111454813
2021-07-12 13:00:00,0.421,1.7,2.51,0.557,0.02044918921373698,0.09874848632643295,0.03272007708868316
2021-07-12 13:15:00,0.421,1.7,2.51,0.557,0.02044918921373698,0.07922137786229201,0.04006812706591151
2021-07-12 13:30:00,0.421,1.7,2.51,0.557,0.02044918921373698,0.05969426939815107,0.04741617704313986
2021-07-12 13:45:00,0.421,1.7,2.51,0.557,0.02927040809025104,0.040167160934010133,0.03803982236145339
2021-07-12 14:00:00,0.382,1.7,2.51,0.557,0.0380916269667651,0.02064005246986919,0.02866346767976692
2021-07-12 14:15:00,0.382,1.7,2.51,0.557,0.04691284584327916,0.02064005246986919,0.019287112998080454
2021-07-12 14:30:00,0.382,1.7,2.51,0.557,0.05573406471979322,0.02064005246986919,0.00991075831639399
2021-07-12 14:45:00,0.382,1.577,2.51,0.557,0.04653694162979133,0.02064005246986919,0.00991075831639399
2021-07-12 15:00:00,0.382,1.577,2.51,0.557,0.037339818539789446,0.02064005246986919,0.00991075831639399
2021-07-12 15:15:00,0.382,1.577,2.51,0.517,0.02814269544978756,0.02954360451569519,0.00991075831639399
2021-07-12 15:30:00,0.382,1.577,2.51,0.517,0.018945572359785678,0.03844715656152119,0.00991075831639399
2021-07-12 15:45:00,0.382,1.461,2.51,0.517,0.018569668146297853,0.04735070860734718,0.014185987394054175
2021-07-12 16:00:00,0.382,1.7,2.51,0.517,0.018193763932810025,0.056254260653173176,0.018461216471714365
2021-07-12 16:15:00,0.382,1.7,2.51,0.517,0.0178178597193222,0.04697129587812163,0.022736445549374547
2021-07-12 16:30:00,0.382,1.83,2.51,0.517,0.017441955505834376,0.037688331103070086,0.027011674627034736
2021-07-12 16:45:00,0.382,1.83,2.51,0.517,0.022022924790918993,0.02840536632801854,0.02255426249208789
2021-07-12 17:00:00,0.382,1.83,2.51,0.517,0.02660389407600361,0.019122401552966992,0.018096850357141044
2021-07-12 17:15:00,0.382,1.83,2.51,0.517,0.031184863361088222,0.01874298882374144,0.013639438222194194
2021-07-12 17:30:00,0.382,1.7,2.51,0.517,0.03576583264617284,0.018363576094515895,0.009182026087247348
2021-07-12 17:45:00,0.382,1.7,2.51,0.517,0.056444751232720525,0.017984163365290344,0.008999843029960687
2021-07-12 18:00:00,0.345,1.7,2.51,0.517,0.07712366981926821,0.017604750636064793,0.008817659972674027
2021-07-12 18:15:00,0.345,1.7,2.51,0.517,0.09780258840581589,0.02159792871176662,0.008635476915387366
2021-07-12 18:30:00,0.345,1.7,2.51,0.517,0.11848150699236358,0.025591106787468444,0.008453293858100706
2021-07-12 18:45:00,0.345,1.7,2.51,0.517,0.1207524583954742,0.029584284863170267,0.010879146497314165
2021-07-12 19:00:00,0.345,1.7,2.51,0.517,0.12302340979858481,0.033577462938872094,0.013304999136527622
2021-07-12 19:15:00,0.345,1.7,2.51,0.517,0.12529436120169543,0.04518896734656449,0.01573085177574108
2021-07-12 19:30:00,0.345,1.7,2.38,0.517,0.12756531260480605,0.056800471754256884,0.01815670441495454
2021-07-12 19:45:00,0.345,1.7,2.38,0.517,0.12907397357092074,0.06841197616194927,0.02449128142071448
2021-07-12 20:00:00,0.345,1.7,2.38,0.517,0.13058263453703545,0.08002348056964168,0.030825858426474423
2021-07-12 20:15:00,0.345,1.7,2.38,0.517,0.13209129550315013,0.08443464960291894,0.037160435432234365
2021-07-12 20:30:00,0.345,1.7,2.38,0.48,0.1335999564692648,0.0888458186361962,0.04349501243799431
2021-07-12 20:45:00,0.345,1.7,2.38,0.48,0.15290158420251346,0.09325698766947345,0.04587539200160662
2021-07-12 21:00:00,0.345,1.7,2.38,0.48,0.1722032119357621,0.09766815670275071,0.04825577156521893
2021-07-12 21:15:00,0.345,1.7,2.38,0.446,0.19150483966901072,0.09326496386352962,0.05063615112883125
2021-07-12 21:30:00,0.345,1.7,2.38,0.446,0.21080646740225936,0.0888617710243085,0.05301653069244356
2021-07-12 21:45:00,0.345,1.7,2.38,0.446,0.20883874762053084,0.08445857818508741,0.05359856256554992
2021-07-12 22:00:00,0.345,1.7,2.38,0.446,0.2068710278388023,0.08005538534586631,0.05418059443865628
2021-07-12 22:15:00,0.345,1.7,2.38,0.414,0.20490330805707374,0.10813193502582666,0.05476262631176264
2021-07-12 22:30:00,0.345,1.7,2.38,0.414,0.20293558827534522,0.136208484705787,0.055344658184869
2021-07-12 22:45:00,0.345,1.7,2.38,0.414,0.22090836518012474,0.16428503438574737,0.07159148077166001
2021-07-12 23:00:00,0.345,1.7,2.38,0.48,0.23888114208490424,0.19236158406570772,0.08783830335845103
2021-07-12 23:15:00,0.345,1.7,2.38,0.517,0.2568539189896838,0.17704579744583662,0.10408512594524204
2021-07-12 23:30:00,0.345,1.7,2.38,0.517,0.2748266958944633,0.16173001082596553,0.12033194853203305
2021-07-12 23:45:00,0.345,1.7,2.38,0.517,0.3626653666773134,0.14641422420609443,0.11505295493363274
2021-07-13 00:00:00,0.345,1.7,2.38,0.517,0.4505040374601636,0.13109843758622333,0.10977396133523244
2021-07-13 00:15:00,0.345,1.83,2.25,0.517,0.5383427082430138,0.13969803857759006,0.10449496773683215
2021-07-13 00:30:00,0.345,1.83,2.25,0.517,0.6261813790258639,0.14829763956895675,0.09921597413843183
2021-07-13 00:45:00,0.345,1.83,2.25,0.517,0.5616361953617626,0.15689724056032345,0.09483109624228547
2021-07-13 01:00:00,0.345,1.83,2.25,0.517,0.49709101169766123,0.16549684155169017,0.09044621834613911
2021-07-13 01:15:00,0.382,1.83,2.25,0.517,0.4325458280335599,0.15913742660863814,0.08606134044999275
2021-07-13 01:30:00,0.382,1.83,2.25,0.517,0.3680006443694586,0.1527780116655861,0.08167646255384639
2021-07-13 01:45:00,0.382,1.83,2.38,0.517,0.332035658990305,0.14641859672253407,0.08144720671404825
2021-07-13 02:00:00,0.421,1.83,2.38,0.557,0.2960706736111514,0.14005918177948204,0.08121795087425009
2021-07-13 02:15:00,0.421,1.83,2.38,0.557,0.26010568823199787,0.12383616235761441,0.08098869503445194
2021-07-13 02:30:00,0.461,1.83,2.38,0.557,0.22414070285284424,0.10761314293574677,0.0807594391946538
2021-07-13 02:45:00,0.461,1.83,2.38,0.6,0.1755510552781235,0.09139012351387912,0.0629026422806228
2021-07-13 03:00:00,0.503,1.967,2.38,0.6,0.1269614077034028,0.0751671040920115,0.04504584536659179
2021-07-13 03:15:00,0.503,1.967,2.51,0.6,0.07837176012868208,0.09190625772095731,0.027189048452560795
2021-07-13 03:30:00,0.503,1.83,2.51,0.557,0.029782112553961345,0.10864541134990313,0.009332251538529786
2021-07-13 03:45:00,0.503,1.83,2.51,0.557,0.022336584415471008,0.12538456497884895,0.007558083288737591
2021-07-13 04:00:00,0.503,1.7,2.64,0.557,0.01489105627698067,0.14212371860779477,0.005783915038945396
2021-07-13 04:15:00,0.592,1.83,2.64,0.557,0.007445528138490334,0.12580337848801756,0.004009746789153201
2021-07-13 04:30:00,0.687,1.83,2.64,0.517,0.0,0.10948303836824036,0.0022355785393610053
2021-07-13 04:45:00,0.738,1.83,2.64,0.517,0.001968005420579271,0.09316269824846317,0.002020566233858895
2021-07-13 05:00:00,0.738,1.967,2.78,0.517,0.003936010841158542,0.07684235812868596,0.001805553928356785
2021-07-13 05:15:00,0.687,2.111,2.78,0.517,0.0059040162617378135,0.05763176859651448,0.001590541622854675
2021-07-13 05:30:00,0.639,2.111,2.78,0.517,0.007872021682317085,0.03842117906434298,0.001375529317352565
2021-07-13 05:45:00,0.639,1.967,2.92,0.6,0.010739844537260988,0.019210589532171488,0.0010316469880144237
2021-07-13 06:00:00,0.639,1.967,2.92,0.692,0.013607667392204892,0.0,0.0006877646586762825
2021-07-13 06:15:00,0.639,1.967,2.92,0.741,0.016475490247148797,0.0018152867699477142,0.0003438823293381412
2021-07-13 06:30:00,0.687,1.967,2.92,0.741,0.0193433131020927,0.0036305735398954285,0.0
2021-07-13 06:45:00,0.738,1.967,2.92,0.741,0.027779488263287893,0.005445860309843143,2.9207809473066444e-05
2021-07-13 07:00:00,0.738,1.967,2.92,0.793,0.03621566342448308,0.007261147079790857,5.841561894613289e-05
2021-07-13 07:15:00,0.738,1.967,2.92,0.845,0.04465183858567828,0.009793293820211562,8.762342841919932e-05
2021-07-13 07:30:00,0.687,1.967,3.07,0.845,0.053088013746873476,0.012325440560632266,0.00011683123789226578
2021-07-13 07:45:00,0.687,1.967,3.07,0.845,0.04856919030344688,0.014857587301052971,0.00027936164252751676
2021-07-13 08:00:00,0.687,1.967,3.22,0.793,0.044050366860020285,0.017389734041473676,0.00044189204716276777
2021-07-13 08:15:00,0.687,1.967,3.38,0.793,0.03953154341659369,0.029460866963076184,0.0006044224517980187
2021-07-13 08:30:00,0.687,1.967,3.54,0.845,0.03501271997316709,0.04153199988467869,0.0007669528564332697
2021-07-13 08:45:00,0.687,1.967,3.54,0.845,0.04066790216541053,0.0536031328062812,0.005884644773635573
2021-07-13 09:00:00,0.687,1.967,3.54,0.845,0.04632308435765396,0.06567426572788371,0.011002336690837876
2021-07-13 09:15:00,0.687,1.83,3.71,0.845,0.0519782665498974,0.11621347246777892,0.01612002860804018
2021-07-13 09:30:00,0.687,1.83,3.71,0.9,0.05763344874214084,0.16675267920767414,0.021237720525242483
2021-07-13 09:45:00,0.687,1.83,3.89,0.956,0.06055773585474384,0.21729188594756937,0.029467337228773982
2021-07-13 10:00:00,0.687,1.83,3.89,1.014,0.06348202296734684,0.2678310926874646,0.03769695393230549
2021-07-13 10:15:00,0.687,1.83,3.89,1.014,0.06640631007994985,0.30665009007822025,0.04592657063583698
2021-07-13 10:30:00,0.687,1.83,4.07,1.014,0.06933059719255284,0.345469087468976,0.054156187339368486
2021-07-13 10:45:00,0.687,1.83,4.07,1.014,0.06996154425371115,0.38428808485973165,0.05893200775636938
2021-07-13 11:00:00,0.687,1.83,4.07,1.014,0.07059249131486947,0.4231070822504873,0.06370782817337027
2021-07-13 11:15:00,0.687,1.83,4.07,1.014,0.07122343837602779,0.5605020712269623,0.06848364859037116
2021-07-13 11:30:00,0.687,1.7,4.07,1.014,0.0718543854371861,0.6978970602034372,0.07325946900737206
2021-07-13 11:45:00,0.687,1.7,4.07,1.014,0.11007888627047294,0.8352920491799122,0.05506519291829371
2021-07-13 12:00:00,0.687,1.7,4.07,1.014,0.1483033871037598,0.9726870381563871,0.03687091682921537
2021-07-13 12:15:00,0.687,1.7,4.07,1.014,0.1865278879370466,0.9936221749978462,0.018676640740137022
2021-07-13 12:30:00,0.687,1.7,4.07,1.014,0.22475238877033346,1.0145573118393052,0.0004823646510586746
2021-07-13 12:45:00,0.687,1.7,4.07,1.014,0.264319320813352,1.0354924486807644,0.0009162807484413022
2021-07-13 13:00:00,0.687,1.7,4.07,1.014,0.3038862528563706,1.0564275855222234,0.00135019684582393
2021-07-13 13:15:00,0.687,1.7,4.07,1.014,0.3434531848993892,1.056457418377704,0.0017841129432065574
2021-07-13 13:30:00,0.687,1.7,4.07,1.014,0.3830201169424078,1.0564872512331844,0.002218029040589185
2021-07-13 13:45:00,0.687,1.7,3.89,1.014,0.49937914103123215,1.0565170840886648,0.021338695351821826
2021-07-13 14:00:00,0.687,1.7,3.89,1.014,0.6157381651200565,1.0565469169441455,0.04045936166305447
2021-07-13 14:15:00,0.687,1.7,3.89,0.956,0.7320971892088809,0.9958552021173371,0.05958002797428712
2021-07-13 14:30:00,0.687,1.7,3.89,0.956,0.8484562132977053,0.9351634872905289,0.07870069428551975
2021-07-13 14:45:00,0.687,1.7,3.89,0.956,0.9864287734268538,0.8744717724637205,0.10645047706930952
2021-07-13 15:00:00,0.687,1.7,3.89,0.956,1.1244013335560021,0.8137800576369123,0.13420025985309927
2021-07-13 15:15:00,0.687,1.577,3.89,0.956,1.2623738936851505,0.7401479214834132,0.16195004263688906
2021-07-13 15:30:00,0.687,1.7,3.89,0.956,1.4003464538142991,0.6665157853299143,0.1896998254206788
2021-07-13 15:45:00,0.639,1.577,3.89,0.956,1.2746955659611943,0.5928836491764153,0.19578543748535363
2021-07-13 16:00:00,0.639,1.577,3.89,0.956,1.1490446781080896,0.5192515130229163,0.20187104955002844
2021-07-13 16:15:00,0.639,1.577,3.89,0.9,1.023393790254985,0.5725216863130068,0.20795666161470325
2021-07-13 16:30:00,0.639,1.577,3.71,0.9,0.8977429024018801,0.6257918596030974,0.21404227367937806
2021-07-13 16:45:00,0.639,1.577,3.71,0.9,0.8286809183763719,0.6790620328931878,0.2503620402601391
2021-07-13 17:00:00,0.639,1.577,3.71,0.9,0.7596189343508637,0.7323322061832783,0.28668180684090017
2021-07-13 17:15:00,0.639,1.577,3.71,0.9,0.6905569503253556,0.6951888844144314,0.3230015734216612
2021-07-13 17:30:00,0.639,1.577,3.71,0.9,0.6214949662998474,0.6580455626455846,0.3593213400024222
2021-07-13 17:45:00,0.639,1.577,3.71,0.9,0.4940634379274795,0.6209022408767377,0.3246155496243739
2021-07-13 18:00:00,0.639,1.577,3.71,0.9,0.3666319095551116,0.5837589191078908,0.2899097592463256
2021-07-13 18:15:00,0.639,1.577,3.54,0.9,0.23920038118274367,0.594643117410806,0.2552039688682773
2021-07-13 18:30:00,0.639,1.577,3.54,0.9,0.11176885281037581,0.6055273157137213,0.22049817849022899
2021-07-13 18:45:00,0.639,1.577,3.54,0.956,0.08382663960778186,0.6164115140166366,0.24067596421282192
2021-07-13 19:00:00,0.639,1.577,3.54,0.9,0.055884426405187905,0.6272957123195518,0.2608537499354148
2021-07-13 19:15:00,0.639,1.577,3.54,0.9,0.027942213202593963,0.49867479711209534,0.28103153565800776
2021-07-13 19:30:00,0.639,1.461,3.54,0.9,0.0,0.37005388190463884,0.3012093213806007
2021-07-13 19:45:00,0.639,1.461,3.54,0.9,0.0,0.24143296669718234,0.23944926496042512
2021-07-13 20:00:00,0.639,1.967,3.54,0.9,0.0,0.11281205148972588,0.17768920854024953
2021-07-13 20:15:00,0.738,3.109,3.54,0.956,0.0,0.08460903861729441,0.11592915212007393
2021-07-13 20:30:00,0.738,3.489,3.54,0.956,0.0,0.05640602574486294,0.05416909569989837
2021-07-13 20:45:00,0.738,3.489,3.54,1.014,0.0,0.02820301287243146,0.04062682177492378
2021-07-13 21:00:00,0.789,3.687,3.71,1.073,0.0,0.0,0.027084547849949184
2021-07-13 21:15:00,0.842,3.687,3.71,1.197,0.0,0.0,0.013542273924974597
2021-07-13 21:30:00,0.953,3.296,3.71,1.331,0.0,0.0,0.0
2021-07-13 21:45:00,1.069,3.489,3.71,1.796,0.0,0.0,0.0
2021-07-13 22:00:00,1.13,3.687,3.71,2.074,0.0,0.0,0.0
2021-07-13 22:15:00,1.13,3.89,3.71,2.278,0.0,0.0,0.0
2021-07-13 22:30:00,1.069,3.687,3.89,2.74,0.0,0.0,0.0
2021-07-13 22:45:00,1.01,3.687,4.07,2.867,0.0,0.0,0.0
2021-07-13 23:00:00,1.01,4.31,4.07,2.998,0.0,0.0,0.0
2021-07-13 23:15:00,1.01,4.31,4.25,3.133,0.0,0.0,0.0
2021-07-13 23:30:00,1.069,4.098,4.62,3.563,0.0,0.0,0.0
2021-07-13 23:45:00,1.069,3.89,5.19,3.87,0.0,0.0,0.0
2021-07-14 00:00:00,1.069,3.89,5.57,4.192,0.0,0.0,0.0
2021-07-14 00:15:00,1.069,2.411,6.15,4.527,0.0,0.0,0.0
2021-07-14 00:30:00,1.069,2.411,6.74,5.056,0.0,0.0,0.0
2021-07-14 00:45:00,1.069,2.198,7.14,5.613,0.15085475833387643,0.0,0.0
2021-07-14 01:00:00,1.069,2.198,7.35,6.001,0.30170951666775286,0.0,0.0
2021-07-14 01:15:00,1.069,2.198,7.78,6.402,0.4525642750016293,0.0,0.0
2021-07-14 01:30:00,1.01,2.198,8.44,6.816,0.6034190333355057,0.0,0.0
2021-07-14 01:45:00,1.01,2.198,9.13,7.028,0.9506577234814306,0.0,0.0
2021-07-14 02:00:00,1.01,2.198,10.1,7.028,1.2978964136273556,0.0,0.0
2021-07-14 02:15:00,1.01,2.198,11.1,7.028,1.6451351037732804,0.05465868953908145,0.0
2021-07-14 02:30:00,1.069,1.998,12.4,6.816,1.9923737939192052,0.1093173790781629,0.0
2021-07-14 02:45:00,1.069,1.998,12.9,6.816,2.0675442593202873,0.16397606861724434,0.06942405212704197
2021-07-14 03:00:00,1.13,1.998,13.7,6.607,2.142714724721369,0.2186347581563258,0.13884810425408395
2021-07-14 03:15:00,1.13,1.998,14.3,6.607,2.217885190122451,0.5963393826026452,0.20827215638112592
2021-07-14 03:30:00,1.13,1.998,14.6,6.402,2.293055655523533,0.9740440070489647,0.2776962085081679
2021-07-14 03:45:00,1.13,1.998,14.6,6.2,2.2491217378865924,1.351748631495284,0.40244039391592373
2021-07-14 04:00:00,1.13,1.998,14.6,5.805,2.2051878202496513,1.7294532559416034,0.5271845793236796
2021-07-14 04:15:00,1.13,1.998,14.6,5.805,2.16125390261271,1.9165820064391847,0.6519287647314354
2021-07-14 04:30:00,1.13,1.998,14.3,5.613,2.1173199849757696,2.103710756936766,0.7766729501391912
2021-07-14 04:45:00,1.13,1.998,14.0,5.424,2.1879490441869427,2.290839507434348,0.8573737342405281
2021-07-14 05:00:00,1.13,1.81,13.7,5.238,2.2585781033981163,2.4779682579319293,0.9380745183418651
2021-07-14 05:15:00,1.13,1.81,13.4,5.056,2.32920716260929,2.5598783030269363,1.0187753024432018
2021-07-14 05:30:00,1.13,1.81,13.1,4.876,2.399836221820463,2.641788348121943,1.0994760865445388
2021-07-14 05:45:00,1.13,1.81,12.9,4.876,2.5003042471547627,2.7236983932169494,1.127062459086473
2021-07-14 06:00:00,1.13,1.81,12.6,4.7,2.6007722724890625,2.8056084383119564,1.1546488316284074
2021-07-14 06:15:00,1.13,1.81,12.4,4.527,2.7012402978233623,2.749043778210052,1.1822352041703414
2021-07-14 06:30:00,1.13,1.81,11.9,4.527,2.801708323157662,2.6924791181081473,1.2098215767122757
2021-07-14 06:45:00,1.13,1.81,11.6,4.358,3.099499659747226,2.635914458006243,1.257069677603007
2021-07-14 07:00:00,1.13,1.81,11.3,4.358,3.39729099633679,2.5793497979043383,1.304317778493738
2021-07-14 07:15:00,1.13,1.81,11.1,4.192,3.695082332926354,2.7474992303557233,1.3515658793844691
2021-07-14 07:30:00,1.13,1.81,10.8,4.192,3.9928736695159177,2.915648662807108,1.3988139802752004
2021-07-14 07:45:00,1.13,1.998,10.8,4.192,4.198932419004787,3.0837980952584925,1.4718840224895158
2021-07-14 08:00:00,1.13,1.998,10.6,4.029,4.404991168493657,3.2519475277098775,1.5449540647038313
2021-07-14 08:15:00,1.13,2.198,10.3,4.029,4.611049917982527,3.5554203905190342,1.6180241069181467
2021-07-14 08:30:00,1.13,2.198,10.3,4.029,4.8171086674713965,3.8588932533281914,1.691094149132462
2021-07-14 08:45:00,1.13,2.198,10.1,3.87,3.9897227269983,4.162366116137348,1.8120799497337405
2021-07-14 09:00:00,1.191,2.198,10.1,3.87,3.162336786525204,4.465838978946505,1.9330657503350193
2021-07-14 09:15:00,1.191,2.411,9.85,3.87,2.3349508460521076,4.3957152360997345,2.0540515509362978
2021-07-14 09:30:00,1.191,2.411,9.85,3.87,1.507564905579011,4.325591493252964,2.1750373515375765
2021-07-14 09:45:00,1.254,2.411,9.85,3.87,1.1306736791842582,4.2554677504061935,2.2116023448954776
2021-07-14 10:00:00,1.254,2.411,9.85,4.029,0.7537824527895055,4.185344007559423,2.2481673382533787
2021-07-14 10:15:00,1.254,2.411,9.85,4.029,0.3768912263947528,3.397241530530346,2.2847323316112798
2021-07-14 10:30:00,1.319,2.636,9.85,4.358,0.0,2.609139053501269,2.321297324969181
2021-07-14 10:45:00,1.319,2.872,9.85,4.527,0.0,1.8210365764721925,1.9258482424713543
2021-07-14 11:00:00,1.451,3.118,9.85,4.527,0.0,1.0329340994431155,1.5303991599735278
2021-07-14 11:15:00,1.659,3.64,9.85,4.876,0.0,0.7747005745823367,1.1349500774757013
2021-07-14 11:30:00,1.731,4.195,10.1,5.238,0.0,0.5164670497215578,0.7395009949778748
2021-07-14 11:45:00,1.953,5.081,10.3,5.805,0.0,0.2582335248607788,0.5546257462334061
2021-07-14 12:00:00,2.107,5.388,10.6,7.243,0.0,0.0,0.3697504974889374
2021-07-14 12:15:00,2.345,6.013,11.3,8.837,0.0,0.0,0.1848752487444687
2021-07-14 12:30:00,2.508,6.331,12.1,11.119,0.0,0.0,0.0
2021-07-14 12:45:00,2.676,6.652,13.1,14.868,0.6073319720618534,0.0,0.0
2021-07-14 13:00:00,2.933,7.622,15.0,19.149,1.2146639441237068,0.0,0.0
2021-07-14 13:15:00,3.198,8.911,17.7,25.946,1.8219959161855603,0.0,0.0
2021-07-14 13:30:00,3.653,9.85,22.4,30.152,2.4293278882474136,0.0,0.0
2021-07-14 13:45:00,4.316,11.334,31.1,38.49,3.1502837144877334,0.0,0.0
2021-07-14 14:00:00,5.006,12.189,41.2,44.59,3.8712395407280527,0.0,0.0
2021-07-14 14:15:00,5.521,12.189,53.6,53.966,4.592195366968372,0.42327032064884645,0.0
2021-07-14 14:30:00,6.275,12.47,67.9,59.921,5.313151193208692,0.8465406412976929,0.0
2021-07-14 14:45:00,7.178,15.305,81.5,61.782,27.27490305935945,1.2698109619465394,0.2553352072892995
2021-07-14 15:00:00,8.001,16.2,91.3,61.782,49.2366549255102,1.693081282595386,0.510670414578599
2021-07-14 15:15:00,8.848,17.755,99.1,65.616,71.19840679166096,1.9793653337839827,0.7660056218678984
2021-07-14 15:30:00,9.961,19.042,104.0,68.26,93.16015865781172,2.265649384972579,1.021340829157198
2021-07-14 15:45:00,10.977,20.023,113.0,72.368,149.86642742333242,2.5519334361611756,1.1896634517282796
2021-07-14 16:00:00,12.007,21.67,122.0,75.929,206.57269618885312,2.8382174873497723,1.3579860742993615
2021-07-14 16:15:00,13.339,22.329,129.0,77.391,263.2789649543738,7.347212013683328,1.5263086968704433
2021-07-14 16:30:00,15.12,23.645,136.0,78.874,319.9852337198945,11.856206540016885,1.694631319441525
2021-07-14 16:45:00,18.163,23.975,145.0,81.907,316.10690635115543,16.36520106635044,4.997572426957228
2021-07-14 17:00:00,26.624,24.967,153.0,90.738,312.2285789824163,20.874195592683996,8.30051353447293
2021-07-14 17:15:00,36.473,26.981,160.0,98.89,308.35025161367724,34.51585850724037,11.603454641988634
2021-07-14 17:30:00,43.855,28.687,169.0,102.456,304.4719242449382,48.15752142179674,14.906395749504336
2021-07-14 17:45:00,51.795,31.455,177.0,104.283,266.49320974445783,61.79918433635311,25.203776569427248
2021-07-14 18:00:00,67.587,33.2,192.0,110.921,228.51449524397748,75.44084725090948,35.501157389350155
2021-07-14 18:15:00,86.246,34.6,204.0,114.892,190.53578074349713,91.31329079222115,45.79853820927307
2021-07-14 18:30:00,108.939,37.4,219.0,120.049,152.55706624301678,107.18573433353282,56.095919029195976
2021-07-14 18:45:00,124.935,38.796,229.0,124.333,142.47020293997025,123.05817787484449,59.953927856623416
2021-07-14 19:00:00,141.246,40.533,239.0,126.525,132.38333963692372,138.93062141615616,63.81193668405085
2021-07-14 19:15:00,146.737,42.6,260.0,126.525,122.2964763338772,142.69320686352188,67.66994551147829
2021-07-14 19:30:00,150.593,44.63,278.0,122.174,112.20961303083068,146.45579231088763,71.52795433890573
2021-07-14 19:45:00,152.248,48.301,296.0,114.892,105.64514763013125,150.21837775825335,72.13027089202033
2021-07-14 20:00:00,150.041,51.269,312.0,108.984,99.0806822294318,153.98096320561908,72.73258744513493
2021-07-14 20:15:00,147.837,51.982,329.0,106.14,92.51621682873237,143.79995379467275,73.33490399824953
2021-07-14 20:30:00,144.538,54.811,344.0,103.366,85.95175142803294,133.61894438372642,73.93722055136413
2021-07-14 20:45:00,141.246,54.99,361.0,100.658,79.6523736786851,123.4379349727801,69.04859326535698
2021-07-14 21:00:00,136.325,55.58,378.0,99.771,73.35299592933725,113.25692556183377,64.15996597934983
2021-07-14 21:15:00,130.341,56.255,396.0,98.016,67.05361817998941,106.63119048300435,59.271338693342685
2021-07-14 21:30:00,122.782,57.312,416.0,95.435,60.75424043064157,100.00545540417494,54.382711407335535
2021-07-14 21:45:00,115.293,59.685,438.0,93.749,55.279671706528696,93.37972032534552,51.201224386864396
2021-07-14 22:00:00,107.36,61.866,450.0,92.915,49.80510298241582,86.7539852465161,48.01973736639326
2021-07-14 22:15:00,101.089,65.731,455.0,90.451,44.33053425830294,80.39581202433652,44.83825034592213
2021-07-14 22:30:00,95.918,67.029,452.0,88.043,38.85596553419006,74.03763880215695,41.65676332545099
2021-07-14 22:45:00,90.802,69.153,450.0,87.252,36.026258856177414,67.67946557997736,38.6037517969784
2021-07-14 23:00:00,85.743,66.368,444.0,86.466,33.196552178164765,61.32129235779779,35.550740268505805
2021-07-14 23:15:00,81.74,65.115,432.0,85.687,30.366845500152113,55.79562654608489,32.49772874003321
2021-07-14 23:30:00,77.286,65.115,421.0,84.912,27.537138822139465,50.269960734371985,29.444717211560622
2021-07-14 23:45:00,73.373,65.115,411.0,83.38,26.03018895082863,44.74429492265908,26.79145174738641
2021-07-15 00:00:00,69.023,64.522,401.0,82.622,24.523239079517797,39.21862911094618,24.138186283212196
2021-07-15 00:15:00,65.682,63.95,391.0,80.378,23.016289208206963,36.36251126206414,21.48492081903798
2021-07-15 00:30:00,62.847,63.95,382.0,78.907,21.50933933689613,33.506393413182096,18.83165535486377
2021-07-15 00:45:00,60.04,63.399,374.0,77.454,20.32145696199375,30.650275564300053,17.460229881758448
2021-07-15 01:00:00,57.723,63.399,366.0,76.02,19.133574587091367,27.794157715418013,16.088804408653125
2021-07-15 01:15:00,54.969,63.399,360.0,74.603,17.945692212188987,26.27314267231674,14.717378935547806
2021-07-15 01:30:00,52.698,61.866,354.0,73.202,16.757809837286608,24.752127629215465,13.345953462442484
2021-07-15 01:45:00,50.447,60.086,348.0,71.818,16.357672332169283,23.231112586114193,12.615605876854595
2021-07-15 02:00:00,48.22,59.3,342.0,70.448,15.957534827051958,21.71009754301292,11.885258291266705
2021-07-15 02:15:00,46.457,58.579,337.0,68.421,15.557397321934632,20.511128024478282,11.154910705678818
2021-07-15 02:30:00,45.149,57.608,331.0,67.086,15.157259816817307,19.312158505943643,10.424563120090928
2021-07-15 02:45:00,43.427,56.76,325.0,65.764,14.680538093272064,18.113188987409004,9.848852513527952
2021-07-15 03:00:00,41.315,55.58,321.0,64.454,14.203816369726823,16.914219468874364,9.273141906964973
2021-07-15 03:15:00,39.663,54.99,315.0,63.803,13.72709464618158,16.510347265704755,8.697431300401995
2021-07-15 03:30:00,37.65,54.638,309.0,61.866,13.250372922636338,16.106475062535146,8.121720693839018
2021-07-15 03:45:00,36.086,53.872,304.0,60.587,13.009242899824361,15.702602859365541,7.927792902125952
2021-07-15 04:00:00,34.944,53.734,299.0,59.951,12.768112877012383,15.298730656195932,7.733865110412886
2021-07-15 04:15:00,33.829,53.47,294.0,58.685,12.526982854200405,14.817559432992107,7.539937318699819
2021-07-15 04:30:00,32.387,53.217,289.0,58.055,12.285852831388429,14.336388209788282,7.3460095269867525
2021-07-15 04:45:00,31.342,52.73,284.0,56.8,11.75778259228075,13.855216986584459,7.114964973735818
2021-07-15 05:00:00,30.0,52.365,281.0,55.552,11.22971235317307,13.374045763380634,6.883920420484884
2021-07-15 05:15:00,28.719,51.982,277.0,54.931,10.70164211406539,13.130665144673431,6.652875867233949
2021-07-15 05:30:00,27.5,51.711,272.0,54.31,10.17357187495771,12.887284525966228,6.421831313983015
2021-07-15 05:45:00,26.624,51.269,268.0,53.691,10.199133361474882,12.643903907259025,6.304966955502205
2021-07-15 06:00:00,25.507,50.592,262.0,53.074,10.224694847992055,12.400523288551822,6.188102597021395
2021-07-15 06:15:00,24.97,50.0,257.0,52.457,10.250256334509228,11.867524286535787,6.071238238540584
2021-07-15 06:30:00,24.191,49.08,254.0,51.841,10.275817821026399,11.334525284519753,5.954373880059774
2021-07-15 06:45:00,23.442,48.301,250.0,51.227,10.312856916195399,10.801526282503719,5.698443121183481
2021-07-15 07:00:00,22.724,47.745,246.0,51.227,10.349896011364397,10.268527280487683,5.442512362307189
2021-07-15 07:15:00,22.262,46.863,242.0,50.613,10.386935106533397,10.29432734607502,5.186581603430897
2021-07-15 07:30:00,21.593,46.247,237.0,49.388,10.423974201702396,10.320127411662359,4.930650844554604
2021-07-15 07:45:00,21.164,45.612,233.0,48.776,9.872622961639374,10.345927477249695,4.943039292450097
2021-07-15 08:00:00,20.542,44.63,228.0,48.165,9.321271721576352,10.371727542837032,4.9554277403455895
2021-07-15 08:15:00,19.949,43.961,226.0,46.946,8.769920481513328,10.409112343756721,4.967816188241083
2021-07-15 08:30:00,19.383,42.942,222.0,46.339,8.218569241450306,10.44649714467641,4.980204636136576
2021-07-15 08:45:00,19.2,42.257,218.0,45.732,7.743952581500596,10.483881945596101,4.9981557400478875
2021-07-15 09:00:00,18.843,41.569,214.0,45.126,7.269335921550887,10.52126674651579,5.016106843959199
2021-07-15 09:15:00,18.329,40.879,211.0,43.919,6.794719261601177,9.964769449469722,5.034057947870511
2021-07-15 09:30:00,18.0,40.533,207.0,43.317,6.320102601651468,9.408272152423656,5.052009051781822
2021-07-15 09:45:00,17.527,39.839,204.0,41.521,6.3442356521573835,8.851774855377588,4.7847950888909105
2021-07-15 10:00:00,17.224,39.144,200.0,40.332,6.368368702663299,8.29527755833152,4.517581126
2021-07-15 10:15:00,16.928,38.447,197.0,39.741,6.392501753169215,7.81623104641136,4.250367163109088
2021-07-15 10:30:00,16.498,37.749,193.0,38.563,6.416634803675131,7.3371845344911995,3.9831532002181764
2021-07-15 10:45:00,16.217,37.4,190.0,36.813,6.333359490247131,6.8581380225710395,3.753128872088048
2021-07-15 11:00:00,15.803,36.701,184.0,36.234,6.25008417681913,6.379091510650879,3.5231045439579196
2021-07-15 11:15:00,15.529,36.351,182.0,35.083,6.16680886339113,6.4034498078671565,3.293080215827791
2021-07-15 11:30:00,15.256,35.651,179.0,35.083,6.083533549963129,6.427808105083434,3.0630558876976623
2021-07-15 11:45:00,14.846,34.95,174.0,33.942,5.997050520580035,6.452166402299713,3.074752039975465
2021-07-15 12:00:00,14.572,34.6,170.0,33.375,5.910567491196941,6.47652469951599,3.0864481922532674
2021-07-15 12:15:00,14.297,33.9,165.0,32.811,5.824084461813847,6.39247213290156,3.0981443445310695
2021-07-15 12:30:00,14.16,33.55,162.0,31.692,5.737601432430752,6.308419566287128,3.109840496808872
2021-07-15 12:45:00,13.886,32.851,159.0,30.585,6.252372236328217,6.2243669996726965,3.0694808768513013
2021-07-15 13:00:00,13.476,32.152,155.0,30.036,6.767143040225681,6.140314433058266,3.029121256893731
2021-07-15 13:15:00,13.204,31.804,153.0,28.947,7.281913844123147,6.053024211154446,2.988761636936161
2021-07-15 13:30:00,12.934,31.455,149.0,28.408,7.796684648020611,5.965733989250626,2.9484020169785903
2021-07-15 13:45:00,12.666,30.76,146.0,27.339,8.204257259934682,5.8784437673468055,2.9064877682655084
2021-07-15 14:00:00,12.4,30.413,141.0,26.81,8.611829871848753,5.791153545442985,2.864573519552426
2021-07-15 14:15:00,12.137,30.066,137.0,26.285,9.019402483762825,5.515892796749997,2.822659270839344
2021-07-15 14:30:00,12.007,29.375,134.0,25.245,9.426975095676896,5.240632048057009,2.780745022126262
2021-07-15 14:45:00,11.747,29.031,131.0,24.731,9.973023843225317,4.965371299364021,3.004734966921787
2021-07-15 15:00:00,11.618,28.344,129.0,23.213,10.519072590773737,4.690110550671032,3.228724911717312
2021-07-15 15:15:00,11.361,27.661,125.0,22.715,11.065121338322157,4.487403888544251,3.4527148565128374
2021-07-15 15:30:00,11.233,27.32,122.0,22.221,11.611170085870578,4.28469722641747,3.6767048013083623
2021-07-15 15:45:00,11.105,26.981,118.0,21.731,10.786996700998875,4.081990564290689,3.796276351521072
2021-07-15 16:00:00,10.977,26.305,116.0,21.246,9.962823316127174,3.8792839021639085,3.915847901733782
2021-07-15 16:15:00,10.722,25.969,112.0,21.246,9.138649931255472,3.322012443639524,4.035419451946492
2021-07-15 16:30:00,10.594,25.634,109.0,20.289,8.31447654638377,2.7647409851151403,4.154991002159202
2021-07-15 16:45:00,10.467,25.3,105.0,20.289,7.697889282839828,2.2074695265907565,4.180338713135168
2021-07-15 17:00:00,10.214,24.967,104.0,19.817,7.081302019295887,1.650198068066372,4.205686424111133
2021-07-15 17:15:00,10.087,24.636,103.0,18.888,6.464714755751946,2.7296327166508525,4.231034135087098
2021-07-15 17:30:00,9.961,24.636,101.0,19.35,5.848127492208005,3.8090673652353333,4.256381846063064
2021-07-15 17:45:00,9.836,24.305,97.4,18.888,5.281507415759697,4.888502013819814,3.8239330823502824
2021-07-15 18:00:00,9.711,23.975,96.5,18.43,4.71488733931139,5.967936662404294,3.3914843186375
2021-07-15 18:15:00,9.586,23.645,95.6,17.977,4.148267262863083,6.900389344103941,2.959035554924718
2021-07-15 18:30:00,9.339,23.316,93.0,17.53,3.581647186414775,7.832842025803586,2.526586791211936
2021-07-15 18:45:00,9.215,23.316,92.2,17.53,3.421718132462669,8.765294707503234,2.266158873056231
2021-07-15 19:00:00,9.092,22.987,90.5,17.977,3.2617890785105628,9.69774738920288,2.0057309549005264
2021-07-15 19:15:00,8.97,22.987,88.8,17.977,3.101860024558457,10.10601974532285,1.7453030367448217
2021-07-15 19:30:00,8.848,22.658,86.3,17.087,2.941930970606351,10.514292101442823,1.484875118589117
2021-07-15 19:45:00,8.726,22.329,84.7,16.649,2.782781127754047,10.922564457562794,1.4474103389174526
2021-07-15 20:00:00,8.604,22.0,83.9,16.217,2.6236312849017427,11.330836813682765,1.4099455592457883
2021-07-15 20:15:00,8.483,22.0,83.9,16.217,2.464481442049438,11.63705851768962,1.3724807795741243
2021-07-15 20:30:00,8.362,21.67,83.1,15.789,2.305331599197134,11.943280221696476,1.33501599990246
2021-07-15 20:45:00,8.241,21.67,80.7,15.367,2.2910126618461355,12.249501925703333,1.3642858498477086
2021-07-15 21:00:00,8.241,21.34,78.3,14.951,2.276693724495137,12.555723629710188,1.3935556997929572
2021-07-15 21:15:00,8.241,21.34,76.8,14.951,2.2623747871441386,12.658061666768635,1.4228255497382056
2021-07-15 21:30:00,8.241,21.34,76.0,14.951,2.24805584979314,12.760399703827083,1.4520953996834542
2021-07-15 21:45:00,8.241,21.01,74.5,14.539,2.765839723813903,12.86273774088553,1.4322822054773128
2021-07-15 22:00:00,8.121,21.01,73.0,13.734,3.2836235978346666,12.965075777943976,1.4124690112711713
2021-07-15 22:15:00,8.121,21.01,72.2,13.734,3.8014074718554296,12.884546752150039,1.3926558170650298
2021-07-15 22:30:00,8.121,20.681,70.8,13.339,4.319191345876193,12.8040177263561,1.3728426228588884
2021-07-15 22:45:00,7.882,20.681,70.0,12.951,4.792755020943275,12.72348870056216,1.3643155860038247
2021-07-15 23:00:00,8.001,20.351,69.3,12.568,5.266318696010358,12.642959674768223,1.3557885491487611
2021-07-15 23:15:00,7.882,20.351,67.2,12.568,5.7398823710774405,11.820291123215693,1.3472615122936973
2021-07-15 23:30:00,7.763,20.023,67.2,12.191,6.213446046144523,10.997622571663165,1.3387344754386337
2021-07-15 23:45:00,7.645,20.023,66.5,12.191,6.14197412502004,10.174954020110635,1.5535566529704008
2021-07-16 00:00:00,7.527,19.695,65.8,11.82,6.070502203895556,9.352285468558104,1.7683788305021677
2021-07-16 00:15:00,7.527,19.695,65.8,11.455,5.999030282771073,8.582073969488233,1.9832010080339348
2021-07-16 00:30:00,7.41,19.368,65.1,11.455,5.9275583616465894,7.811862470418361,2.198023185565702
2021-07-16 00:45:00,7.294,19.368,64.4,11.096,5.875833941870669,7.0416509713484885,2.4013585095684915
2021-07-16 01:00:00,7.178,19.042,64.4,11.096,5.824109522094748,6.271439472278617,2.6046938335712815
2021-07-16 01:15:00,7.062,19.042,62.4,11.096,5.772385102318826,6.199300465361867,2.808029157574071
2021-07-16 01:30:00,6.948,18.718,62.4,11.096,5.720660682542905,6.127161458445118,3.0113644815768605
2021-07-16 01:45:00,6.948,18.718,61.7,10.744,5.685100143946958,6.0550224515283695,2.976725409618091
2021-07-16 02:00:00,6.834,18.718,61.1,10.744,5.649539605351009,5.98288344461162,2.9420863376593216
2021-07-16 02:15:00,6.834,18.395,59.8,10.744,5.613979066755061,5.930676253070187,2.907447265700552
2021-07-16 02:30:00,6.721,18.074,59.1,10.397,5.578418528159113,5.878469061528755,2.8728081937417826
2021-07-16 02:45:00,6.721,18.074,59.1,11.096,5.56989803265339,5.826261869987324,2.84773980505914
2021-07-16 03:00:00,6.608,18.074,57.9,11.096,5.561377537147667,5.774054678445891,2.8226714163764974
2021-07-16 03:15:00,6.497,17.755,57.2,10.744,5.5528570416419445,5.7381622342611545,2.7976030276938544
2021-07-16 03:30:00,6.385,17.439,56.6,10.744,5.544336546136221,5.702269790076418,2.7725346390112118
2021-07-16 03:45:00,6.385,17.439,55.4,10.397,5.489880555742287,5.666377345891681,2.755300121791894
2021-07-16 04:00:00,6.275,17.125,55.4,10.397,5.435424565348352,5.630484901706945,2.7380656045725758
2021-07-16 04:15:00,6.275,17.125,55.4,10.057,5.380968574954418,5.6218848798445,2.720831087353258
2021-07-16 04:30:00,6.165,16.814,54.2,10.057,5.326512584560484,5.613284857982055,2.70359657013394
2021-07-16 04:45:00,6.165,16.814,54.2,10.057,5.257421390121424,5.60468483611961,2.69946708750211
2021-07-16 05:00:00,6.056,16.814,53.0,10.057,5.188330195682363,5.596084814257165,2.695337604870279
2021-07-16 05:15:00,5.948,16.505,53.0,9.724,5.1192390012433036,5.541120556883359,2.6912081222384483
2021-07-16 05:30:00,5.948,16.505,51.9,9.396,5.050147806804244,5.486156299509553,2.687078639606618
2021-07-16 05:45:00,5.84,16.505,51.3,9.396,4.8902381543865285,5.431192042135748,2.660686387374358
2021-07-16 06:00:00,5.84,16.2,50.7,9.076,4.730328501968814,5.376227784761942,2.634294135142098
2021-07-16 06:15:00,5.734,16.2,50.7,9.076,4.5704188495511,5.306491725130288,2.607901882909838
2021-07-16 06:30:00,5.734,15.898,49.6,8.762,4.4105091971333845,5.2367556654986345,2.581509630677578
2021-07-16 06:45:00,5.627,15.898,49.1,8.762,4.347532711233727,5.16701960586698,2.548024384748291
2021-07-16 07:00:00,5.627,15.898,48.5,8.455,4.284556225334069,5.097283546235326,2.514539138819004
2021-07-16 07:15:00,5.522,15.6,48.0,8.154,4.221579739434411,4.935881371222783,2.481053892889717
2021-07-16 07:30:00,5.522,15.6,47.4,8.154,4.1586032535347535,4.77447919621024,2.4475686469604296
2021-07-16 07:45:00,5.417,15.305,46.4,7.574,4.118331382129759,4.613077021197698,2.370067974390687
2021-07-16 08:00:00,5.417,15.6,46.4,7.574,4.078059510724766,4.451674846185155,2.2925673018209447
2021-07-16 08:15:00,5.313,15.305,45.3,7.574,4.037787639319772,4.388110566948904,2.2150666292512025
2021-07-16 08:30:00,5.313,15.305,44.8,7.54,3.9975157679147784,4.3245462877126535,2.1375659566814598
2021-07-16 08:45:00,5.21,15.014,44.3,7.506,3.972355245891994,4.260982008476402,2.107044221817369
2021-07-16 09:00:00,5.21,15.014,43.2,7.472,3.94719472386921,4.197417729240151,2.0765224869532783
2021-07-16 09:15:00,5.107,15.014,42.7,7.438,3.922034201846426,4.1567699788491215,2.046000752089188
2021-07-16 09:30:00,5.107,15.014,42.7,7.405,3.8968736798236416,4.116122228458093,2.0154790172250974
2021-07-16 09:45:00,5.006,14.725,42.2,7.371,3.864771459991782,4.075474478067065,1.9959611390211207
2021-07-16 10:00:00,5.006,14.725,42.2,7.338,3.8326692401599227,4.034826727676036,1.976443260817144
2021-07-16 10:15:00,4.904,14.439,41.2,7.305,3.8005670203280633,4.0094313689998735,1.9569253826131674
2021-07-16 10:30:00,4.904,14.439,41.2,7.272,3.768464800496204,3.9840360103237105,1.9374075044091907
2021-07-16 10:45:00,4.804,14.439,40.7,7.239,3.6883470824615014,3.958640651647548,1.9252133851081372
2021-07-16 11:00:00,4.804,14.439,40.7,7.206,3.608229364426799,3.9332452929713853,1.913019265807084
2021-07-16 11:15:00,4.705,14.155,39.8,7.173,3.5281116463920967,3.900843445895524,1.9008251465060306
2021-07-16 11:30:00,4.705,14.155,39.8,7.14,3.4479939283573944,3.868441598819663,1.888631027204977
2021-07-16 11:45:00,4.606,13.873,39.3,7.107,3.395292157626404,3.8360397517438023,1.8730725941126967
2021-07-16 12:00:00,4.508,13.873,39.3,7.075,3.342590386895413,3.803637904667941,1.8575141610204162
2021-07-16 12:15:00,4.508,13.592,38.8,7.042,3.2898886161644225,3.722772404979005,1.841955727928136
2021-07-16 12:30:00,4.508,13.592,38.8,7.01,3.237186845433432,3.641906905290069,1.8263972948358556
2021-07-16 12:45:00,4.411,13.592,37.8,6.978,3.213279337455607,3.561041405601133,1.7875680125594933
2021-07-16 13:00:00,4.411,13.311,37.8,6.946,3.189371829477782,3.480175905912197,1.7487387302831312
2021-07-16 13:15:00,4.315,13.311,37.4,6.914,3.1654643214999574,3.4269822412747772,1.709909448006769
2021-07-16 13:30:00,4.315,13.031,37.4,6.882,3.1415568135221323,3.3737885766373577,1.6710801657304066
2021-07-16 13:45:00,4.315,13.031,36.4,6.85,3.1520320109379925,3.3205949119999385,1.645538101098818
2021-07-16 14:00:00,4.22,12.751,36.4,6.818,3.1625072083538526,3.267401247362519,1.6199960364672294
2021-07-16 14:15:00,4.22,12.751,36.0,6.787,3.1729824057697127,3.2432705977837744,1.594453971835641
2021-07-16 14:30:00,4.22,12.751,35.5,6.755,3.183457603185573,3.2191399482050302,1.5689119072040523
2021-07-16 14:45:00,4.126,12.751,35.5,6.724,3.113564479757739,3.195009298626286,1.557325064760621
2021-07-16 15:00:00,4.126,12.751,35.5,6.692,3.0436713563299054,3.1708786490475416,1.5457382223171896
2021-07-16 15:15:00,4.033,12.751,34.6,6.661,2.9737782329020717,3.18145161710196,1.5341513798737585
2021-07-16 15:30:00,4.033,12.47,34.6,6.63,2.903885109474238,3.1920245851563775,1.5225645374303272
2021-07-16 15:45:00,3.941,12.47,34.1,6.599,2.8727602405974473,3.2025975532107958,1.5276413719600486
2021-07-16 16:00:00,3.941,12.189,34.1,6.568,2.841635371720656,3.213170521265214,1.5327182064897698
2021-07-16 16:15:00,3.941,12.189,34.1,6.537,2.8105105028438655,3.1426250478112125,1.537795041019491
2021-07-16 16:30:00,3.941,11.906,33.3,6.507,2.779385633967075,3.072079574357211,1.5428718755492123
2021-07-16 16:45:00,3.941,11.906,33.3,6.476,2.7719677908209155,3.00153410090321,1.5089979724310472
2021-07-16 17:00:00,3.849,11.906,33.3,6.446,2.7645499476747557,2.9309886274492087,1.4751240693128822
2021-07-16 17:15:00,3.849,11.621,32.8,6.415,2.7571321045285964,2.8995732534693346,1.441250166194717
2021-07-16 17:30:00,3.759,11.906,32.8,6.385,2.749714261382437,2.86815787948946,1.4073762630765518
2021-07-16 17:45:00,3.759,11.621,32.0,6.355,2.777506112899636,2.836742505509586,1.3922915059332168
2021-07-16 18:00:00,3.759,11.334,32.0,6.325,2.805297964416835,2.8053271315297112,1.3772067487898818
2021-07-16 18:15:00,3.759,11.334,31.6,6.295,2.8330898159340343,2.797840053672994,1.3621219916465468
2021-07-16 18:30:00,3.759,11.044,31.6,6.265,2.8608816674512334,2.7903529758162766,1.3470372345032118
2021-07-16 18:45:00,3.67,11.334,31.6,6.235,2.8608816674512334,2.7828658979595597,1.3434421555060885
2021-07-16 19:00:00,3.582,11.334,31.6,6.206,2.8608816674512334,2.7753788201028424,1.3398470765089652
2021-07-16 19:15:00,3.582,11.334,31.1,6.176,2.8608816674512334,2.803430067883584,1.336251997511842
2021-07-16 19:30:00,3.582,11.334,30.7,6.147,2.8608816674512334,2.8314813156643255,1.3326569185147188
2021-07-16 19:45:00,3.494,11.334,30.7,6.118,2.8608816674512334,2.8595325634450672,1.346126319216779
2021-07-16 20:00:00,3.494,11.334,30.3,6.088,2.8608816674512334,2.8875838112258085,1.3595957199188389
2021-07-16 20:15:00,3.494,11.044,30.3,6.059,2.8608816674512334,2.8875838112258085,1.373065120620899
2021-07-16 20:30:00,3.408,11.334,30.3,6.03,2.8608816674512334,2.8875838112258085,1.386534521322959
2021-07-16 20:45:00,3.408,10.751,29.9,6.001,2.8608816674512334,2.8875838112258085,1.386534521322959
2021-07-16 21:00:00,3.408,11.044,29.9,5.973,2.8608816674512334,2.8875838112258085,1.386534521322959
2021-07-16 21:15:00,3.408,11.044,29.5,5.944,2.8608816674512334,2.8875838112258085,1.386534521322959
2021-07-16 21:30:00,3.323,10.455,29.1,5.915,2.8608816674512334,2.8875838112258085,1.386534521322959
2021-07-16 21:45:00,3.323,10.455,28.6,5.887,2.8608816674512334,2.8875838112258085,1.386534521322959
2021-07-16 22:00:00,3.323,10.455,28.6,5.859,2.8608816674512334,2.8875838112258085,1.386534521322959
2021-07-16 22:15:00,3.238,10.155,28.2,5.83,2.8608816674512334,2.8875838112258085,1.386534521322959
2021-07-16 22:30:00,3.238,10.155,28.2,5.802,2.8608816674512334,2.8875838112258085,1.386534521322959
2021-07-16 22:45:00,3.155,10.155,28.2,5.774,2.8608816674512334,2.8875838112258085,1.386534521322959
2021-07-16 23:00:00,3.238,10.155,27.8,5.746,2.8608816674512334,2.8875838112258085,1.386534521322959
2021-07-16 23:15:00,3.238,10.155,27.8,5.719,2.8608816674512334,2.8875838112258085,1.386534521322959
2021-07-16 23:30:00,3.238,10.155,27.3,5.691,2.8608816674512334,2.8875838112258085,1.386534521322959
2021-07-16 23:45:00,3.155,9.85,27.3,5.663,2.8608816674512334,2.8875838112258085,1.386534521322959
2021-07-17 00:00:00,3.073,9.85,26.9,5.636,2.8608816674512334,2.8875838112258085,1.386534521322959
