Datum,1,2,7,4,10,11,12
2021-07-12 00:00:00,0.461,2.111,0.645,2.78,0.0,0.0,0.0
2021-07-12 00:15:00,0.461,2.111,0.645,2.78,0.0,0.0,0.0
2021-07-12 00:30:00,0.461,2.111,0.645,2.78,0.0,0.0,0.0
2021-07-12 00:45:00,0.461,2.111,0.645,2.78,0.0,0.0,0.0
2021-07-12 01:00:00,0.461,2.111,0.645,2.78,0.0,0.0,0.0
2021-07-12 01:15:00,0.461,2.111,0.645,2.78,0.0,0.0,0.0
2021-07-12 01:30:00,0.461,2.111,0.645,2.78,0.0,0.0,0.0
2021-07-12 01:45:00,0.461,2.111,0.645,2.78,0.0,0.0,0.0
2021-07-12 02:00:00,0.461,2.111,0.645,2.78,0.0,0.0,0.0
2021-07-12 02:15:00,0.461,2.111,0.645,2.78,0.0,0.0,0.0
2021-07-12 02:30:00,0.461,2.111,0.645,2.78,0.0026062692135154692,0.002630594922630359,0.0012631358638541224
2021-07-12 02:45:00,0.461,2.111,0.6,2.78,0.0052125384270309385,0.005261189845260718,0.002526271727708245
2021-07-12 03:00:00,0.461,2.111,0.6,2.78,0.007818807640546408,0.007891784767891076,0.0037894075915623675
2021-07-12 03:15:00,0.461,2.111,0.6,2.78,0.010425076854061877,0.010522379690521435,0.00505254345541649
2021-07-12 03:30:00,0.461,2.111,0.6,2.78,0.010425076854061877,0.010522379690521435,0.00505254345541649
2021-07-12 03:45:00,0.461,2.111,0.6,2.78,0.010425076854061877,0.010522379690521435,0.00505254345541649
2021-07-12 04:00:00,0.461,2.111,0.6,2.78,0.010425076854061877,0.010522379690521435,0.00505254345541649
2021-07-12 04:15:00,0.461,2.111,0.6,2.78,0.007818807640546408,0.007891784767891076,0.0037894075915623675
2021-07-12 04:30:00,0.461,2.111,0.6,2.64,0.0052125384270309385,0.005261189845260718,0.002526271727708245
2021-07-12 04:45:00,0.461,2.111,0.6,2.64,0.0026062692135154692,0.002630594922630359,0.0012631358638541224
2021-07-12 05:00:00,0.461,2.111,0.6,2.64,0.0,0.0,0.0
2021-07-12 05:15:00,0.461,2.111,0.6,2.64,0.0,0.0,0.0
2021-07-12 05:30:00,0.461,2.111,0.6,2.64,0.0,0.0,0.0
2021-07-12 05:45:00,0.461,2.111,0.6,2.64,0.0,0.0,0.0
2021-07-12 06:00:00,0.461,2.111,0.6,2.64,0.0,0.0,0.0
2021-07-12 06:15:00,0.461,2.111,0.6,2.64,0.0,0.0,0.0
2021-07-12 06:30:00,0.461,2.111,0.6,2.64,0.0,0.0,0.0
2021-07-12 06:45:00,0.461,2.111,0.6,2.64,0.0,0.0,0.0
2021-07-12 07:00:00,0.461,2.111,0.557,2.64,0.004811573932643984,0.004856482934086858,0.002331943133269169
2021-07-12 07:15:00,0.461,1.967,0.6,2.64,0.013933516179948216,0.014063565163293204,0.006752918656758641
2021-07-12 07:30:00,0.461,1.967,0.557,2.64,0.0187450901125922,0.01892004809738006,0.00908486179002781
2021-07-12 07:45:00,0.461,1.967,0.6,2.64,0.023556664045236184,0.02377653103146692,0.01141680492329698
2021-07-12 08:00:00,0.461,1.967,0.6,2.64,0.027867032359896432,0.028127130326586407,0.013505837313517281
2021-07-12 08:15:00,0.461,1.967,0.557,2.64,0.027867032359896432,0.028127130326586407,0.013505837313517281
2021-07-12 08:30:00,0.461,1.967,0.557,2.64,0.036187045618426665,0.03652479873344494,0.017538155648128557
2021-07-12 08:45:00,0.421,1.967,0.557,2.64,0.0445070588769569,0.04492246714030348,0.021570473982739837
2021-07-12 09:00:00,0.421,1.967,0.557,2.64,0.04851670382082689,0.04896953625204253,0.02351375992713081
2021-07-12 09:15:00,0.421,1.967,0.557,2.64,0.05252634876469687,0.053016605363781576,0.025457045871521783
2021-07-12 09:30:00,0.421,1.967,0.557,2.64,0.05252634876469687,0.053016605363781576,0.025457045871521783
2021-07-12 09:45:00,0.421,1.967,0.557,2.64,0.05252634876469687,0.053016605363781576,0.025457045871521783
2021-07-12 10:00:00,0.421,1.967,0.557,2.64,0.06625938269745152,0.06687781707148775,0.03211280023106084
2021-07-12 10:15:00,0.421,1.83,0.557,2.64,0.07999241663020618,0.08073902877919394,0.038768554590599906
2021-07-12 10:30:00,0.421,1.83,0.557,2.64,0.09372545056296082,0.09460024048690012,0.045424308950138964
2021-07-12 10:45:00,0.421,1.83,0.557,2.64,0.08179675685494756,0.0825602098794764,0.03964303326557579
2021-07-12 11:00:00,0.421,1.83,0.557,2.64,0.056135029214179635,0.05665896756434649,0.027206003221473554
2021-07-12 11:15:00,0.421,1.83,0.557,2.64,0.030473301573411722,0.030757725249216585,0.014768973177371318
2021-07-12 11:30:00,0.421,1.83,0.557,2.64,0.004811573932643806,0.004856482934086678,0.002331943133269083
2021-07-12 11:45:00,0.421,1.83,0.557,2.64,0.004811573932643806,0.004856482934086678,0.002331943133269083
2021-07-12 12:00:00,0.421,1.83,0.557,2.64,0.004811573932643806,0.004856482934086678,0.002331943133269083
2021-07-12 12:15:00,0.421,1.83,0.557,2.64,0.004811573932643806,0.004856482934086678,0.002331943133269083
2021-07-12 12:30:00,0.421,1.83,0.557,2.64,0.01784292000022133,0.018009457547238653,0.00864762245253978
2021-07-12 12:45:00,0.421,1.7,0.557,2.64,0.04390561213537629,0.04431540677354251,0.021278981091081135
2021-07-12 13:00:00,0.421,1.7,0.557,2.51,0.09563003191129917,0.09652259831497627,0.04634736977372472
2021-07-12 13:15:00,0.421,1.7,0.557,2.51,0.12169272404645412,0.12282854754128013,0.05897872841226608
2021-07-12 13:30:00,0.421,1.7,0.557,2.51,0.13472407011403156,0.13598152215443202,0.06529440773153673
2021-07-12 13:45:00,0.421,1.7,0.557,2.51,0.11367343415871424,0.11473440931780213,0.055092156523484176
2021-07-12 14:00:00,0.382,1.7,0.557,2.51,0.066961070562629,0.06758605416604233,0.032452875271329375
2021-07-12 14:15:00,0.382,1.7,0.557,2.51,0.04591043460731168,0.046338941329412436,0.022250624063276818
2021-07-12 14:30:00,0.382,1.7,0.557,2.51,0.037189456854394495,0.03753656601138004,0.018023977134226463
2021-07-12 14:45:00,0.382,1.577,0.557,2.51,0.04951911505679463,0.04998130352997754,0.023999581413228672
2021-07-12 15:00:00,0.382,1.577,0.557,2.51,0.06585841820306475,0.06647311016031408,0.031918471636621856
2021-07-12 15:15:00,0.382,1.577,0.517,2.51,0.08219772134933487,0.08296491679065061,0.03983736186001504
2021-07-12 15:30:00,0.382,1.577,0.517,2.51,0.09783533663042786,0.09874848632643295,0.04741617704313986
2021-07-12 15:45:00,0.382,1.461,0.517,2.51,0.08951532337189762,0.09035081791957442,0.04338385870852858
2021-07-12 16:00:00,0.382,1.7,0.517,2.51,0.0771856651694974,0.07790608040097684,0.03740825442952633
2021-07-12 16:15:00,0.382,1.7,0.517,2.51,0.05463141236022869,0.055141316647444656,0.026477270992327082
2021-07-12 16:30:00,0.382,1.83,0.517,2.51,0.02044918921373698,0.02064005246986919,0.00991075831639399
2021-07-12 16:45:00,0.382,1.83,0.517,2.51,0.01022459460686849,0.010320026234934596,0.004955379158196995
2021-07-12 17:00:00,0.382,1.83,0.517,2.51,0.0,0.0,0.0
2021-07-12 17:15:00,0.382,1.83,0.517,2.51,0.01022459460686849,0.010320026234934596,0.004955379158196995
2021-07-12 17:30:00,0.382,1.7,0.517,2.51,0.02044918921373698,0.02064005246986919,0.00991075831639399
2021-07-12 17:45:00,0.382,1.7,0.517,2.51,0.03438270539368528,0.03470361763316248,0.016663676973152675
2021-07-12 18:00:00,0.345,1.7,0.517,2.51,0.048316221573633585,0.048767182796455776,0.023416595629911358
2021-07-12 18:15:00,0.345,1.7,0.517,2.51,0.0520251431467134,0.052510721724814476,0.025214135128473047
2021-07-12 18:30:00,0.345,1.7,0.517,2.51,0.05573406471979322,0.056254260653173176,0.027011674627034736
2021-07-12 18:45:00,0.345,1.7,0.517,2.51,0.05573406471979322,0.056254260653173176,0.027011674627034736
2021-07-12 19:00:00,0.345,1.7,0.517,2.51,0.04180054853984491,0.04219069548987988,0.020258755970276054
2021-07-12 19:15:00,0.345,1.7,0.517,2.51,0.030373060449815296,0.030656548521423434,0.0147203910287617
2021-07-12 19:30:00,0.345,1.7,0.517,2.38,0.018945572359785678,0.019122401552966992,0.009182026087247348
2021-07-12 19:45:00,0.345,1.7,0.517,2.38,0.007518084269756058,0.007588254584510547,0.003643661145732996
2021-07-12 20:00:00,0.345,1.7,0.517,2.38,0.010024112359674745,0.010117672779347395,0.004858214860977328
2021-07-12 20:15:00,0.345,1.7,0.517,2.38,0.01373303393275456,0.013861211707706093,0.0066557543595390165
2021-07-12 20:30:00,0.345,1.7,0.48,2.38,0.017441955505834376,0.017604750636064793,0.008453293858100706
2021-07-12 20:45:00,0.345,1.7,0.48,2.38,0.021150877078914193,0.02134828956442349,0.010250833356662395
2021-07-12 21:00:00,0.345,1.7,0.48,2.38,0.028267996854283384,0.028531837237760267,0.013700165907956358
2021-07-12 21:15:00,0.345,1.7,0.446,2.38,0.031676195056572765,0.03197184598273835,0.015351958960688632
2021-07-12 21:30:00,0.345,1.7,0.446,2.38,0.03508439325886214,0.03541185472771642,0.017003752013420907
2021-07-12 21:45:00,0.345,1.7,0.446,2.38,0.03849259146115152,0.0388518634726945,0.01865554506615318
2021-07-12 22:00:00,0.345,1.7,0.446,2.38,0.04170030741624751,0.04208951876208574,0.02021017382166596
2021-07-12 22:15:00,0.345,1.7,0.414,2.38,0.06936685752895046,0.07001429563308521,0.033618846837963706
2021-07-12 22:30:00,0.345,1.7,0.414,2.38,0.09703340764165341,0.09793907250408469,0.04702751985426145
2021-07-12 22:45:00,0.345,1.7,0.414,2.38,0.118084043596971,0.11918618534071486,0.05722977106231414
2021-07-12 23:00:00,0.345,1.7,0.48,2.38,0.13221804202411278,0.1334521039595951,0.06407985401629236
2021-07-12 23:15:00,0.345,1.7,0.517,2.38,0.1218932062936476,0.12303090099686706,0.059075892709485614
2021-07-12 23:30:00,0.345,1.7,0.517,2.38,0.11156837056318242,0.11260969803413905,0.05407193140267887
2021-07-12 23:45:00,0.345,1.7,0.517,2.38,0.10785944899010261,0.10886615910578035,0.05227439190411719
2021-07-13 00:00:00,0.345,1.7,0.517,2.38,0.10785944899010261,0.10886615910578035,0.05227439190411719
2021-07-13 00:15:00,0.345,1.83,0.517,2.25,0.10785944899010261,0.10886615910578035,0.05227439190411719
2021-07-13 00:30:00,0.345,1.83,0.517,2.25,0.10785944899010261,0.10886615910578035,0.05227439190411719
2021-07-13 00:45:00,0.345,1.83,0.517,2.25,0.10785944899010261,0.10886615910578035,0.05227439190411719
2021-07-13 01:00:00,0.345,1.83,0.517,2.25,0.1291105671926135,0.13031562539799726,0.06257380740938932
2021-07-13 01:15:00,0.382,1.83,0.517,2.25,0.17602341303589228,0.17766633400534407,0.08531025295876371
2021-07-13 01:30:00,0.382,1.83,0.517,2.25,0.20990491281159365,0.211864067999539,0.10173101918886743
2021-07-13 01:45:00,0.382,1.83,0.517,2.38,0.21020563618238391,0.21216759818291944,0.10187676563469676
2021-07-13 02:00:00,0.421,1.83,0.557,2.38,0.2149169689914312,0.21692290438921288,0.10416012661935618
2021-07-13 02:15:00,0.421,1.83,0.557,2.38,0.1899569292158406,0.19172989916863736,0.09206317161552238
2021-07-13 02:30:00,0.461,1.83,0.557,2.38,0.17371786719316717,0.17533926926609425,0.08419286354073896
2021-07-13 02:45:00,0.461,1.83,0.6,2.38,0.17311642045158665,0.17473220889933336,0.08390137064908029
2021-07-13 03:00:00,0.503,1.967,0.6,2.38,0.16008507438400912,0.1615792342861814,0.0775856913298096
2021-07-13 03:15:00,0.503,1.967,0.6,2.51,0.1691067755077165,0.17068513978759414,0.08195808470468924
2021-07-13 03:30:00,0.503,1.83,0.557,2.51,0.20930346607001304,0.21125700763277805,0.10143952629720873
2021-07-13 03:45:00,0.503,1.83,0.557,2.51,0.2674433177561278,0.2699395097529942,0.12961717249087784
2021-07-13 04:00:00,0.503,1.7,0.557,2.64,0.31786460292529284,0.3208314038331127,0.15405399324159433
2021-07-13 04:15:00,0.592,1.83,0.557,2.64,0.34472922404922174,0.3479467668817643,0.16707400906901382
2021-07-13 04:30:00,0.687,1.83,0.517,2.64,0.3396169267457875,0.34278675376429696,0.16459631948991532
2021-07-13 04:45:00,0.738,1.83,0.517,2.64,0.3067378382060536,0.3096007870480368,0.14866137474590935
2021-07-13 05:00:00,0.738,1.967,0.517,2.78,0.2590230633740008,0.26144066461834214,0.12553627200765677
2021-07-13 05:15:00,0.687,2.111,0.517,2.78,0.22163312427241327,0.22370174515137561,0.10741513057621098
2021-07-13 05:30:00,0.639,2.111,0.517,2.78,0.1814364337101167,0.18312987730619174,0.08793368898369149
2021-07-13 05:45:00,0.639,1.967,0.6,2.92,0.15978435101321878,0.16127570410280087,0.07743994488398023
2021-07-13 06:00:00,0.639,1.967,0.692,2.92,0.14254287775457788,0.143873306922323,0.06908381532309905
2021-07-13 06:15:00,0.639,1.967,0.741,2.92,0.1437457712377389,0.14508742765584476,0.06966680110641638
2021-07-13 06:30:00,0.687,1.967,0.741,2.92,0.1477554161816089,0.1491344967675838,0.07161008705080735
2021-07-13 06:45:00,0.738,1.967,0.741,2.92,0.15577470606934887,0.1572286349910619,0.07549665893958929
2021-07-13 07:00:00,0.738,1.967,0.793,2.92,0.1354257579792087,0.13668975924898621,0.0656344827718051
2021-07-13 07:15:00,0.738,1.967,0.845,2.92,0.0868088130347851,0.08761904626915028,0.04207214069606454
2021-07-13 07:30:00,0.687,1.967,0.845,3.07,0.043304165393795765,0.04370834640678163,0.020987488199422477
2021-07-13 07:45:00,0.687,1.967,0.845,3.07,0.005012056179837461,0.005058836389673788,0.002429107430488707
2021-07-13 08:00:00,0.687,1.967,0.793,3.22,0.0,0.0,0.0
2021-07-13 08:15:00,0.687,1.967,0.793,3.38,0.0,0.0,0.0
2021-07-13 08:30:00,0.687,1.967,0.845,3.54,0.0,0.0,0.0
2021-07-13 08:45:00,0.687,1.967,0.845,3.54,0.0047113328090472905,0.004755306206293438,0.0022833609846594216
2021-07-13 09:00:00,0.687,1.967,0.845,3.54,0.006114708539401808,0.006171780395402127,0.0029635110651962736
2021-07-13 09:15:00,0.687,1.83,0.845,3.71,0.006114708539401808,0.006171780395402127,0.0029635110651962736
2021-07-13 09:30:00,0.687,1.83,0.9,3.71,0.006114708539401808,0.006171780395402127,0.0029635110651962736
2021-07-13 09:45:00,0.687,1.83,0.956,3.89,0.0014033757303545176,0.0014164741891086892,0.0006801500805368517
2021-07-13 10:00:00,0.687,1.83,1.014,3.89,0.0,0.0,0.0
2021-07-13 10:15:00,0.687,1.83,1.014,3.89,0.0075180842697561475,0.007588254584510637,0.0036436611457330388
2021-07-13 10:30:00,0.687,1.83,1.014,4.07,0.015036168539512295,0.015176509169021274,0.0072873222914660776
2021-07-13 10:45:00,0.687,1.83,1.014,4.07,0.02255425280926844,0.02276476375353191,0.010930983437199117
2021-07-13 11:00:00,0.687,1.83,1.014,4.07,0.03007233707902459,0.030353018338042548,0.014574644582932155
2021-07-13 11:15:00,0.687,1.83,1.014,4.07,0.043103683146602116,0.04350599295119452,0.020890323902202853
2021-07-13 11:30:00,0.687,1.7,1.014,4.07,0.056135029214179635,0.05665896756434649,0.027206003221473554
2021-07-13 11:45:00,0.687,1.7,1.014,4.07,0.06916637528175716,0.06981194217749846,0.03352168254074425
2021-07-13 12:00:00,0.687,1.7,1.014,4.07,0.08219772134933469,0.08296491679065045,0.03983736186001495
2021-07-13 12:15:00,0.687,1.7,1.014,4.07,0.11267102292274658,0.1137226420398672,0.05460633503738636
2021-07-13 12:30:00,0.687,1.7,1.014,4.07,0.1431443244961585,0.14448036728908398,0.06937530821475776
2021-07-13 12:45:00,0.687,1.7,1.014,4.07,0.17361762606957037,0.17523809253830075,0.08414428139212916
2021-07-13 13:00:00,0.687,1.7,1.014,4.07,0.20409092764298228,0.2059958177875175,0.09891325456950056
2021-07-13 13:15:00,0.687,1.7,1.014,4.07,0.20409092764298228,0.2059958177875175,0.09891325456950056
2021-07-13 13:30:00,0.687,1.7,1.014,4.07,0.2221343298903972,0.22420762879034317,0.10765804131925993
2021-07-13 13:45:00,0.687,1.7,1.014,3.89,0.2712524804528043,0.2737842254091463,0.13146329413804927
2021-07-13 14:00:00,0.687,1.7,1.014,3.89,0.32618461618382294,0.32922907223997105,0.1580863115762055
2021-07-13 14:15:00,0.687,1.7,0.956,3.89,0.3811167519148415,0.3846739190707958,0.18470932901436174
2021-07-13 14:30:00,0.687,1.7,0.956,3.89,0.41800548539844523,0.4219069548987948,0.20258755970275863
2021-07-13 14:45:00,0.687,1.7,0.956,3.89,0.42381947056705666,0.42777520511081646,0.20540532432212552
2021-07-13 15:00:00,0.687,1.7,0.956,3.89,0.4361491287694569,0.440219942629414,0.21138092860112778
2021-07-13 15:15:00,0.687,1.577,0.956,3.89,0.4361491287694569,0.440219942629414,0.21138092860112778
2021-07-13 15:30:00,0.687,1.7,0.956,3.89,0.4532903609045011,0.45752116308209845,0.2196884760133992
2021-07-13 15:45:00,0.639,1.577,0.956,3.89,0.4704315930395453,0.4748223835347829,0.22799602342567063
2021-07-13 16:00:00,0.639,1.577,0.956,3.89,0.48085666989360726,0.48534476322530445,0.23304856688108716
2021-07-13 16:15:00,0.639,1.577,0.9,3.89,0.5216548071974844,0.5265236914372492,0.2528215013652653
2021-07-13 16:30:00,0.639,1.577,0.9,3.71,0.5453117123663173,0.5504013991965095,0.264286888437172
2021-07-13 16:45:00,0.639,1.577,0.9,3.71,0.5689686175351502,0.5742791069557699,0.27575227550907877
2021-07-13 17:00:00,0.639,1.577,0.9,3.71,0.587012019782565,0.5924909179585955,0.2844970622588381
2021-07-13 17:15:00,0.639,1.577,0.9,3.71,0.587012019782565,0.5924909179585955,0.2844970622588381
2021-07-13 17:30:00,0.639,1.577,0.9,3.71,0.5559372714675728,0.5611261323426181,0.26943659618980814
2021-07-13 17:45:00,0.639,1.577,0.9,3.71,0.5248625231525805,0.5297613467266407,0.25437613012077814
2021-07-13 18:00:00,0.639,1.577,0.9,3.71,0.5108287658490357,0.5155966048355541,0.24757462931540983
2021-07-13 18:15:00,0.639,1.577,0.9,3.54,0.5278697568604831,0.5327966485604451,0.25583359457907145
2021-07-13 18:30:00,0.639,1.577,0.9,3.54,0.6342255889966344,0.6401451567493232,0.307379254254042
2021-07-13 18:45:00,0.639,1.577,0.956,3.54,0.778873530346744,0.7861431749553092,0.3774832946979463
2021-07-13 19:00:00,0.639,1.577,0.9,3.54,0.9064804806854062,0.9149411494364043,0.439328369878189
2021-07-13 19:15:00,0.639,1.577,0.9,3.54,0.9819620467537589,0.991127225464892,0.47591072778134913
2021-07-13 19:30:00,0.639,1.461,0.9,3.54,0.9992035200123996,1.0085296226453697,0.48426685734223024
2021-07-13 19:45:00,0.639,1.461,0.9,3.54,0.9934897759673851,1.0027625491611416,0.4814976748714732
2021-07-13 20:00:00,0.639,1.967,0.9,3.54,0.8916447943930875,0.89996699372297,0.43213821188394247
2021-07-13 20:15:00,0.738,3.109,0.956,3.54,0.7727588218073426,0.7799713945599074,0.3745197836327502
2021-07-13 20:30:00,0.738,3.489,0.956,3.54,0.6824415694466711,0.6888111628179854,0.3307472677353435
2021-07-13 20:45:00,0.738,3.489,1.014,3.54,0.5638563202317162,0.569119093838303,0.27327458592998044
2021-07-13 21:00:00,0.789,3.687,1.073,3.71,0.5592452285462658,0.5644649643598031,0.27103980709393083
2021-07-13 21:15:00,0.842,3.687,1.197,3.71,0.6434477723675355,0.649453415706323,0.3118488119261413
2021-07-13 21:30:00,0.953,3.296,1.331,3.71,0.6214949662998474,0.6272957123195518,0.3012093213806007
2021-07-13 21:45:00,1.069,3.489,1.796,3.71,0.5586437818046854,0.5638579039930424,0.27074831420227224
2021-07-13 22:00:00,1.13,3.687,2.074,3.71,0.437151540005425,0.4412317099073494,0.2118667500872258
2021-07-13 22:15:00,1.13,3.89,2.278,3.71,0.23255940674445905,0.23473000848086462,0.11271058477467642
2021-07-13 22:30:00,1.069,3.687,2.74,3.89,0.11176885281037581,0.11281205148972588,0.05416909569989837
2021-07-13 22:45:00,1.01,3.687,2.867,4.07,0.03859283258474857,0.03895304020048828,0.0187041272147631
2021-07-13 23:00:00,1.01,4.31,2.998,4.07,0.006214949662998413,0.006272957123195457,0.0030120932138059777
2021-07-13 23:15:00,1.01,4.31,3.133,4.25,0.006214949662998413,0.006272957123195457,0.0030120932138059777
2021-07-13 23:30:00,1.069,4.098,3.563,4.62,0.0,0.0,0.0
2021-07-13 23:45:00,1.069,3.89,3.87,5.19,0.0,0.0,0.0
2021-07-14 00:00:00,1.069,3.89,4.192,5.57,0.0,0.0,0.0
2021-07-14 00:15:00,1.069,2.411,4.527,6.15,0.0,0.0,0.0
2021-07-14 00:30:00,1.069,2.411,5.056,6.74,0.0,0.0,0.0
2021-07-14 00:45:00,1.069,2.198,5.613,7.14,0.0,0.0,0.0
2021-07-14 01:00:00,1.069,2.198,6.001,7.35,0.0,0.0,0.0
2021-07-14 01:15:00,1.069,2.198,6.402,7.78,0.0,0.0,0.0
2021-07-14 01:30:00,1.01,2.198,6.816,8.44,0.0,0.0,0.0
2021-07-14 01:45:00,1.01,2.198,7.028,9.13,0.0,0.0,0.0
2021-07-14 02:00:00,1.01,2.198,7.028,10.1,0.0,0.0,0.0
2021-07-14 02:15:00,1.01,2.198,7.028,11.1,0.0,0.0,0.0
2021-07-14 02:30:00,1.069,1.998,6.816,12.4,0.0,0.0,0.0
2021-07-14 02:45:00,1.069,1.998,6.816,12.9,0.0,0.0,0.0
2021-07-14 03:00:00,1.13,1.998,6.607,13.7,0.0,0.0,0.0
2021-07-14 03:15:00,1.13,1.998,6.607,14.3,0.0,0.0,0.0
2021-07-14 03:30:00,1.13,1.998,6.402,14.6,0.0,0.0,0.0
2021-07-14 03:45:00,1.13,1.998,6.2,14.6,0.0,0.0,0.0
2021-07-14 04:00:00,1.13,1.998,5.805,14.6,0.0,0.0,0.0
2021-07-14 04:15:00,1.13,1.998,5.805,14.6,0.0,0.0,0.0
2021-07-14 04:30:00,1.13,1.998,5.613,14.3,0.0,0.0,0.0
2021-07-14 04:45:00,1.13,1.998,5.424,14.0,0.0,0.0,0.0
2021-07-14 05:00:00,1.13,1.81,5.238,13.7,0.02786703235989625,0.028127130326586227,0.013505837313517196
2021-07-14 05:15:00,1.13,1.81,5.056,13.4,0.2001815238227089,0.20204992540357178,0.09701855077371929
2021-07-14 05:30:00,1.13,1.81,4.876,13.1,0.44096070270210114,0.44507642556350113,0.21371287173439707
2021-07-14 05:45:00,1.13,1.81,4.876,12.9,0.7780716013579699,0.7853337611329613,0.3770946375090681
2021-07-14 06:00:00,1.13,1.81,4.7,12.6,1.173623075070744,1.184577129006018,0.5687997959232376
2021-07-14 06:15:00,1.13,1.81,4.527,12.4,1.4748476514789763,1.4886131960254139,0.7147891524956094
2021-07-14 06:30:00,1.13,1.81,4.527,11.9,1.803738777999912,1.8205740399158092,0.8741871820842789
2021-07-14 06:45:00,1.13,1.81,4.358,11.6,2.0172523712609887,2.0360804701159134,0.9776671586230984
2021-07-14 07:00:00,1.13,1.81,4.358,11.3,2.1811466083416744,2.201504420058247,1.0570989716000794
2021-07-14 07:15:00,1.13,1.81,4.192,11.1,2.3249926207030103,2.346693024441885,1.1268143548551055
2021-07-14 07:30:00,1.13,1.81,4.192,10.8,2.353862064298874,2.375831922046406,1.1408060136547205
2021-07-14 07:45:00,1.13,1.998,4.192,10.8,2.4381648492437407,2.46092155012072,1.1816636006355408
2021-07-14 08:00:00,1.13,1.998,4.029,10.6,2.446885826996658,2.4697239254387524,1.1858902475645912
2021-07-14 08:15:00,1.13,2.198,4.029,10.3,2.42553446767055,2.4481732824187423,1.1755422499107093
2021-07-14 08:30:00,1.13,2.198,4.029,10.3,2.4590150029518645,2.4819663095017632,1.191768687546374
2021-07-14 08:45:00,1.13,2.198,3.87,10.1,2.4499933018281568,2.47286040400035,1.1873962941714942
2021-07-14 09:00:00,1.191,2.198,3.87,10.1,2.483574078233068,2.5067546078111644,1.2036713139557687
2021-07-14 09:15:00,1.191,2.411,3.87,9.85,2.517154854637979,2.540648811621979,1.219946333740043
2021-07-14 09:30:00,1.191,2.411,3.87,9.85,2.557351545200276,2.5812206794671635,1.2394277753325627
2021-07-14 09:45:00,1.254,2.411,3.87,9.85,2.686261630145696,2.7113339514095736,1.3019044184447324
2021-07-14 10:00:00,1.254,2.411,4.029,9.85,2.8114627935180363,2.837703684423625,1.3625835220583404
2021-07-14 10:15:00,1.254,2.411,4.029,9.85,2.9243342986879766,2.9516286799190796,1.4172870213929465
2021-07-14 10:30:00,1.319,2.636,4.358,9.85,3.105369767903706,3.1343538503140973,1.5050263817821987
2021-07-14 10:45:00,1.319,2.872,4.527,9.85,3.3208881836367175,3.3518838150700705,1.6094780012932135
2021-07-14 11:00:00,1.451,3.118,4.527,9.85,3.5875295724040717,3.6210139110007176,1.7387065165952134
2021-07-14 11:15:00,1.659,3.64,4.876,9.85,3.9617296867907377,3.9987066358537633,1.9200636773555007
2021-07-14 11:30:00,1.731,4.195,5.238,10.1,4.263756192187744,4.303552116695506,2.0664416911167507
2021-07-14 11:45:00,1.953,5.081,5.805,10.3,4.46062975893176,4.502263210081893,2.161857030986347
2021-07-14 12:00:00,2.107,5.388,7.243,10.6,4.587134056910857,4.62994824055726,2.223167702531882
2021-07-14 12:15:00,2.345,6.013,8.837,11.3,4.62652881848438,4.669710694580096,2.2422604869355234
2021-07-14 12:30:00,2.508,6.331,11.119,12.1,4.540421693314772,4.5827998854055005,2.200528421279728
2021-07-14 12:45:00,2.676,6.652,14.868,13.1,4.2824010411767395,4.322370988065093,2.0754779707581688
2021-07-14 13:00:00,2.933,7.622,19.149,15.0,3.5404162443135996,3.573460848937784,1.7158729067486194
2021-07-14 13:15:00,3.198,8.911,25.946,17.7,2.3843353658722863,2.4065896472956236,1.1555749868320921
2021-07-14 13:30:00,3.653,9.85,30.152,22.4,1.315163541589355,1.3274386686504072,0.6373977897602392
2021-07-14 13:45:00,4.316,11.334,38.49,31.1,0.40597655056683624,0.4097657475635787,0.1967577018695862
2021-07-14 14:00:00,5.006,12.189,44.59,41.2,0.0,0.0,0.0
2021-07-14 14:15:00,5.521,12.189,53.966,53.6,0.0,0.0,0.0
2021-07-14 14:30:00,6.275,12.47,59.921,67.9,0.0,0.0,0.0
2021-07-14 14:45:00,7.178,15.305,61.782,81.5,0.0,0.0,0.0
2021-07-14 15:00:00,8.001,16.2,61.782,91.3,0.0,0.0,0.0
2021-07-14 15:15:00,8.848,17.755,65.616,99.1,0.0,0.0,0.0
2021-07-14 15:30:00,9.961,19.042,68.26,104.0,0.0,0.0,0.0
2021-07-14 15:45:00,10.977,20.023,72.368,113.0,0.0,0.0,0.0
2021-07-14 16:00:00,12.007,21.67,75.929,122.0,0.0,0.0,0.0
2021-07-14 16:15:00,13.339,22.329,77.391,129.0,0.0,0.0,0.0
2021-07-14 16:30:00,15.12,23.645,78.874,136.0,0.0,0.0,0.0
2021-07-14 16:45:00,18.163,23.975,81.907,145.0,0.0,0.0,0.0
2021-07-14 17:00:00,26.624,24.967,90.738,153.0,0.0,0.0,0.0
2021-07-14 17:15:00,36.473,26.981,98.89,160.0,0.27907128809335,0.2816760101770367,0.1352527017296113
2021-07-14 17:30:00,43.855,28.687,102.456,169.0,2.0624611180031214,2.0817111743507697,0.999577707646106
2021-07-14 17:45:00,51.795,31.455,104.283,177.0,3.2249574283546245,3.2550576865717105,1.5629848850736576
2021-07-14 18:00:00,67.587,33.2,110.921,192.0,4.202609106793721,4.2418343127414815,2.036806580464786
2021-07-14 18:15:00,86.246,34.6,114.892,204.0,4.243307002973997,4.282912064225628,2.0565309328003516
2021-07-14 18:30:00,108.939,37.4,120.049,219.0,3.9478964117343813,3.984744247418259,1.9133593408473495
2021-07-14 18:45:00,124.935,38.796,124.333,229.0,6.641174920531855,6.70316056977338,3.218664509694768
2021-07-14 19:00:00,141.246,40.533,126.525,239.0,14.241557152761013,14.37448124780254,6.902211599436471
2021-07-14 19:15:00,146.737,42.6,126.525,260.0,29.387890687106292,29.662183640669003,14.242925672224768
2021-07-14 19:30:00,150.593,44.63,122.174,278.0,51.70066262963037,52.18321265694664,25.056874713423035
2021-07-14 19:45:00,152.248,48.301,114.892,296.0,81.46185126101093,82.22217843191851,39.48072030707059
2021-07-14 20:00:00,150.041,51.269,108.984,312.0,118.07131297427422,119.1733358962851,57.2236011294407
2021-07-14 20:15:00,147.837,51.982,106.14,329.0,153.34776822594793,154.77904523445403,74.32043653959803
2021-07-14 20:30:00,144.538,54.811,103.366,344.0,181.04429043460627,182.73407394706368,87.74363561833007
2021-07-14 20:45:00,141.246,54.99,100.658,361.0,199.62929547281442,201.49254281015754,96.75091171702806
2021-07-14 21:00:00,136.325,55.58,99.771,378.0,207.18086027785193,209.11459042175125,100.41079930039679
2021-07-14 21:15:00,130.341,56.255,98.016,396.0,210.01868648687596,211.9789035855846,101.78615992753952
2021-07-14 21:30:00,122.782,57.312,95.435,416.0,206.46884757694426,208.39593212423424,100.06572029882157
2021-07-14 21:45:00,115.293,59.685,93.749,438.0,197.64772894155388,199.49248125513608,95.79053980331004
2021-07-14 22:00:00,107.36,61.866,92.915,450.0,184.5068193258852,186.22892047850596,89.4217601956089
2021-07-14 22:15:00,101.089,65.731,90.451,455.0,167.41169810769549,168.9742413206065,81.13656057169797
2021-07-14 22:30:00,95.918,67.029,88.043,452.0,152.55706624301678,153.98096320561908,73.93722055136413
2021-07-14 22:45:00,90.802,69.153,87.252,450.0,139.91184898353401,141.21772134792766,67.80867966853832
2021-07-14 23:00:00,85.743,66.368,86.466,444.0,129.22103291081706,130.42712215202562,62.62734493715728
2021-07-14 23:15:00,81.74,65.115,85.687,432.0,119.80037211519453,120.91853327399474,58.06159461081069
2021-07-14 23:30:00,77.286,65.115,84.912,421.0,112.20961303083068,113.25692556183377,54.382711407335535
2021-07-14 23:45:00,73.373,65.115,83.38,411.0,105.33146809411612,106.31458320755662,51.04919869832726
2021-07-15 00:00:00,69.023,64.522,82.622,401.0,98.78923116257427,99.71128406811542,47.87848476931035
2021-07-15 00:15:00,65.682,63.95,80.378,391.0,92.40938485125915,93.27189122769963,44.786473921041264
2021-07-15 00:30:00,62.847,63.95,78.907,382.0,85.95175142803294,86.7539852465161,41.65676332545099
2021-07-15 00:45:00,60.04,63.399,77.454,374.0,79.66933948885385,80.41293618551556,38.6119743256306
2021-07-15 01:00:00,57.723,63.399,76.02,366.0,73.15938019911013,73.84221595242384,35.45690384846603
2021-07-15 01:15:00,54.969,63.399,74.603,360.0,66.82303853543598,67.44673381187042,32.385977652693576
2021-07-15 01:30:00,52.698,61.866,73.202,354.0,60.75424043064157,61.32129235779779,29.444717211560622
2021-07-15 01:45:00,50.447,60.086,71.818,348.0,54.78127284000566,55.29257585549573,26.549901304498615
2021-07-15 02:00:00,48.22,59.3,70.448,342.0,49.15794628847521,49.61676377973731,23.824539931787495
2021-07-15 02:15:00,46.457,58.579,68.421,337.0,43.90881985133141,44.318644428831924,21.28053571983666
2021-07-15 02:30:00,45.149,57.608,67.086,331.0,38.85596553419006,39.21862911094618,18.83165535486377
2021-07-15 02:45:00,43.427,56.76,65.764,325.0,34.64032508132875,34.96364182359154,16.788533095079707
2021-07-15 03:00:00,41.315,55.58,64.454,321.0,31.460877123087037,31.75451837143805,15.24760450547488
2021-07-15 03:15:00,39.663,54.99,63.803,315.0,28.992840419011472,29.263446156434885,14.051463424553631
2021-07-15 03:30:00,37.65,54.638,61.866,309.0,27.537138822139465,27.794157715418013,13.345953462442484
2021-07-15 03:45:00,36.086,53.872,60.587,304.0,26.061389000548118,26.30463392884246,12.630727070609387
2021-07-15 04:00:00,34.944,53.734,59.951,299.0,24.47326887940482,24.70169103041042,11.861040090184735
2021-07-15 04:15:00,33.829,53.47,58.685,294.0,22.979174932195264,23.193651902648657,11.136923165156047
2021-07-15 04:30:00,32.387,53.217,58.055,289.0,21.50933933689613,21.71009754301292,10.424563120090928
2021-07-15 04:45:00,31.342,52.73,56.8,284.0,20.182447583845953,20.370821197210674,9.781481218943345
2021-07-15 05:00:00,30.0,52.365,55.552,281.0,18.948178628999177,19.125032147889605,9.183289223111194
2021-07-15 05:15:00,28.719,51.982,54.931,277.0,17.90136057527832,18.068443579542336,8.675945845179323
2021-07-15 05:30:00,27.5,51.711,54.31,272.0,16.757809837286608,16.914219468874364,8.121720693839018
2021-07-15 05:45:00,26.624,51.269,53.691,268.0,16.059630411435247,16.209523559792807,7.783346028771942
2021-07-15 06:00:00,25.507,50.592,53.074,262.0,15.79649746199378,15.943934649334931,7.655817888671284
2021-07-15 06:15:00,24.97,50.0,52.457,257.0,15.429815431876875,15.5738301790664,7.478104389056732
2021-07-15 06:30:00,24.191,49.08,51.841,254.0,15.157259816817307,15.298730656195932,7.3460095269867525
2021-07-15 06:45:00,23.442,48.301,51.227,250.0,14.638010796586144,14.774635206225726,7.094353997188121
2021-07-15 07:00:00,22.724,47.745,51.227,246.0,13.99456302421861,14.125181790519404,6.782505185261981
2021-07-15 07:15:00,22.262,46.863,50.613,242.0,13.624472795899404,13.751637311505885,6.603139892594691
2021-07-15 07:30:00,21.593,46.247,49.388,237.0,13.250372922636338,13.374045763380634,6.421831313983015
2021-07-15 07:45:00,21.164,45.612,48.776,233.0,13.191932347579437,13.31505973107704,6.3935079213435175
2021-07-15 08:00:00,20.542,44.63,48.165,228.0,12.91616901656478,13.03672255291719,6.25985843051803
2021-07-15 08:15:00,19.949,43.961,46.946,226.0,12.609731901729521,12.727425296052537,6.111342802217952
2021-07-15 08:30:00,19.383,42.942,46.339,222.0,12.285852831388429,12.400523288551822,5.954373880059774
2021-07-15 08:45:00,19.2,42.257,45.732,218.0,11.708864923965535,11.818150043372572,5.6747350326619115
2021-07-15 09:00:00,18.843,41.569,45.126,214.0,11.207458823734594,11.312064050949603,5.43172712531582
2021-07-15 09:15:00,18.329,40.879,43.919,211.0,10.590274225749402,10.689118937925167,5.132606836325438
2021-07-15 09:30:00,18.0,40.533,43.317,207.0,10.17357187495771,10.268527280487683,4.930650844554604
2021-07-15 09:45:00,17.527,39.839,41.521,204.0,10.013787523944497,10.107251576384888,4.853210899670627
2021-07-15 10:00:00,17.224,39.144,40.332,200.0,9.961060692932607,10.054032617565518,4.827656689501885
2021-07-15 10:15:00,16.928,38.447,39.741,197.0,10.166554996305944,10.261444909542146,4.927250094151923
2021-07-15 10:30:00,16.498,37.749,38.563,193.0,10.275817821026399,10.371727542837032,4.980204636136576
2021-07-15 10:45:00,16.217,37.4,36.813,190.0,10.542358968670156,10.640756462039885,5.109384569289965
2021-07-15 11:00:00,15.803,36.701,36.234,184.0,10.641296957660149,10.740617892372047,5.157335149967814
2021-07-15 11:15:00,15.529,36.351,35.083,182.0,10.465373785747854,10.563052735094498,5.07207347915766
2021-07-15 11:30:00,15.256,35.651,35.083,179.0,10.423974201702396,10.52126674651579,5.052009051781822
2021-07-15 11:45:00,14.846,34.95,33.942,174.0,9.859215711358305,9.951237062127342,4.778297226514352
2021-07-15 12:00:00,14.572,34.6,33.375,170.0,9.509875395623627,9.598636165767074,4.608988438609287
2021-07-15 12:15:00,14.297,33.9,32.811,165.0,8.941307742582866,9.02476176572248,4.3334304916946484
2021-07-15 12:30:00,14.16,33.55,31.692,162.0,8.218569241450306,8.29527755833152,3.9831532002181764
2021-07-15 12:45:00,13.886,32.851,30.585,159.0,7.7314976218937,7.803659837983021,3.7470925401232837
2021-07-15 13:00:00,13.476,32.152,30.036,155.0,7.050559669300982,7.11636632608194,3.417074004617088
2021-07-15 13:15:00,13.204,31.804,28.947,153.0,6.6419768495206295,6.703969983595729,3.219053166883647
2021-07-15 13:30:00,12.934,31.455,28.408,149.0,6.320102601651468,6.379091510650879,3.0630558876976623
2021-07-15 13:45:00,12.666,30.76,27.339,146.0,6.143477741873995,6.200818116278774,2.97745414184724
2021-07-15 14:00:00,12.4,30.413,26.81,141.0,6.211240741425397,6.269213584267162,3.010295674307447
2021-07-15 14:15:00,12.137,30.066,26.285,137.0,6.354886271539538,6.414199835195213,3.079913893265253
2021-07-15 14:30:00,12.007,29.375,25.245,134.0,6.416634803675131,6.47652469951599,3.109840496808872
2021-07-15 14:45:00,11.747,29.031,24.731,131.0,6.310078489291785,6.368973837871524,3.058197672836681
2021-07-15 15:00:00,11.618,28.344,23.213,129.0,6.249232127268555,6.30755956410088,3.028708308630547
2021-07-15 15:15:00,11.361,27.661,22.715,125.0,6.115410227266894,6.172488632496589,2.9638511402364975
2021-07-15 15:30:00,11.233,27.32,22.221,122.0,6.083533549963129,6.140314433058266,2.9484020169785903
2021-07-15 15:45:00,11.105,26.981,21.731,118.0,5.965349265242564,6.02102707098976,2.8911236637676674
2021-07-15 16:00:00,10.977,26.305,21.246,116.0,5.781206321195336,5.835165422033145,2.801878256771513
2021-07-15 16:15:00,10.722,25.969,21.246,112.0,5.662220107485996,5.71506864614229,2.7442112463717114
2021-07-15 16:30:00,10.594,25.634,20.289,109.0,5.737601432430752,5.791153545442985,2.780745022126262
2021-07-15 16:45:00,10.467,25.3,20.289,105.0,5.930164630860108,5.9855140395342525,2.874071329605638
2021-07-15 17:00:00,10.214,24.967,19.817,104.0,6.1387664090649485,6.196062810072481,2.9751707808625807
2021-07-15 17:15:00,10.087,24.636,18.888,103.0,6.304364745246777,6.363206764387302,3.0554284903659275
2021-07-15 17:30:00,9.961,24.636,19.35,101.0,6.48098960502425,6.541480158759407,3.14103023621635
2021-07-15 17:45:00,9.836,24.305,18.888,97.4,6.638368169071149,6.700327621395167,3.2173042095336966
2021-07-15 18:00:00,9.711,23.975,18.43,96.5,6.743120143229751,6.806057301939348,3.2680725548309097
2021-07-15 18:15:00,9.586,23.645,17.977,95.6,7.04965749918861,7.115455735531797,3.4166367652795993
2021-07-15 18:30:00,9.339,23.316,17.53,93.0,7.001341277614977,7.066688552735342,3.3932201696496884
2021-07-15 18:45:00,9.215,23.316,17.53,92.2,6.947712276490717,7.0125590033658325,3.367228720143459
2021-07-15 19:00:00,9.092,22.987,17.977,90.5,6.900899671771036,6.965309471486281,3.3445408567426953
2021-07-15 19:15:00,8.97,22.987,17.977,88.8,6.881352652669671,6.945580009566553,3.33506733776379
2021-07-15 19:30:00,8.848,22.658,17.087,86.3,7.023995771547845,7.08955449321667,3.4041997352354985
2021-07-15 19:45:00,8.726,22.329,16.649,84.7,7.1697463652575175,7.2366654554283825,3.4748381793141094
2021-07-15 20:00:00,8.604,22.0,16.217,83.9,7.150399828403341,7.217138346964237,3.465461824632421
2021-07-15 20:15:00,8.483,22.0,16.217,83.9,6.919644761883624,6.984229519583656,3.353625718532721
2021-07-15 20:30:00,8.362,21.67,15.789,83.1,6.739812186151054,6.802718469922159,3.266469343926785
2021-07-15 20:45:00,8.241,21.67,15.367,80.7,6.712045394914752,6.774692516323364,3.253012088761877
2021-07-15 21:00:00,8.241,21.34,14.951,78.3,6.827723651545404,6.8914504601970386,3.3090758882575577
2021-07-15 21:15:00,8.241,21.34,14.951,76.8,6.860702981208735,6.924737603641091,3.3250594151501733
2021-07-15 21:30:00,8.241,21.34,14.951,76.0,6.828726062781373,6.892462227474974,3.309561709743656
2021-07-15 21:45:00,8.241,21.01,14.539,74.5,6.729687832667784,6.792499620415019,3.2615625469171987
2021-07-15 22:00:00,8.121,21.01,13.734,73.0,6.565793595587099,6.627075670472687,3.1821307339402183
2021-07-15 22:15:00,8.121,21.01,13.734,72.2,6.539831144575541,6.600870897974176,3.1695479574502867
2021-07-15 22:30:00,8.121,20.681,13.339,70.8,6.514670622552755,6.575475539298012,3.1573538381492323
2021-07-15 22:45:00,7.882,20.681,12.951,70.0,6.457733664349801,6.518007157911318,3.1297591777388805
2021-07-15 23:00:00,8.001,20.351,12.568,69.3,6.623833206149613,6.685656995865106,3.210259797985276
2021-07-15 23:15:00,7.882,20.351,12.568,67.2,6.739611703903858,6.8025161164665695,3.2663721796295646
2021-07-15 23:30:00,7.763,20.023,12.191,67.2,6.796247938736022,6.859680967669885,3.2938210935940875
2021-07-15 23:45:00,7.645,20.023,12.191,66.5,6.877142525478599,6.941330586999221,3.3330268875221756
2021-07-16 00:00:00,7.527,19.695,11.82,65.8,6.774094650421141,6.837320910827526,3.2830844387513274
2021-07-16 00:15:00,7.527,19.695,11.455,65.8,6.704928275139385,6.767508968650029,3.249562756210584
2021-07-16 00:30:00,7.41,19.368,11.455,65.1,6.673352321206409,6.7356382993950845,3.234259379398505
2021-07-16 00:45:00,7.294,19.368,11.096,64.4,6.535921740755264,6.5969250055902275,3.167653253654504
2021-07-16 01:00:00,7.178,19.042,11.096,64.4,6.575817707946772,6.637193343252032,3.186988948801195
2021-07-16 01:15:00,7.062,19.042,11.096,62.4,6.546948264350907,6.60805444564751,3.1729972900015793
2021-07-16 01:30:00,6.948,18.718,11.096,62.4,6.507553502777385,6.568291991624674,3.153904505597938
2021-07-16 01:45:00,6.948,18.718,10.744,61.7,6.497328908170517,6.557971965389741,3.1489491264397413
2021-07-16 02:00:00,6.834,18.718,10.744,61.1,6.43959002097879,6.499694170180699,3.1209658088405114
2021-07-16 02:15:00,6.834,18.395,10.744,59.8,6.488106724799618,6.548663706432742,3.144479568767643
2021-07-16 02:30:00,6.721,18.074,10.397,59.1,6.3631060436744695,6.422496326874276,3.0838976294512537
2021-07-16 02:45:00,6.721,18.074,11.096,59.1,6.299954135808518,6.358754988364387,3.053290875827096
2021-07-16 03:00:00,6.608,18.074,11.096,57.9,6.224472569740164,6.282568912335898,3.0167085179239352
2021-07-16 03:15:00,6.497,17.755,10.744,57.2,6.105486356030821,6.16247213644504,2.9590415075241325
2021-07-16 03:30:00,6.385,17.439,10.744,56.6,6.213446046144523,6.271439472278617,3.0113644815768605
2021-07-16 03:45:00,6.385,17.439,10.397,55.4,6.234095717605452,6.292281878204072,3.021372404190474
2021-07-16 04:00:00,6.275,17.125,10.397,55.4,6.142174607267233,6.199502818817454,2.9768225739153107
2021-07-16 04:15:00,6.275,17.125,10.057,55.4,6.111500823446628,6.168542740112651,2.96195643644072
2021-07-16 04:30:00,6.165,16.814,10.057,54.2,5.9275583616465894,5.98288344461162,2.8728081937417826
2021-07-16 04:45:00,6.165,16.814,10.057,54.2,5.834233875578017,5.888687911035895,2.827578213386084
2021-07-16 05:00:00,6.056,16.814,10.057,53.0,5.7838125904088535,5.837796016955778,2.803141392635368
2021-07-16 05:15:00,5.948,16.505,9.724,53.0,5.715849108610259,5.769198195511803,2.7702026958779418
2021-07-16 05:30:00,5.948,16.505,9.396,51.9,5.720660682542905,5.774054678445891,2.7725346390112118
2021-07-16 05:45:00,5.84,16.505,9.396,51.3,5.718856342318162,5.772233497345607,2.771660160336235
2021-07-16 06:00:00,5.84,16.2,9.076,50.7,5.654301058721853,5.707075684646607,2.7403732566315395
2021-07-16 06:15:00,5.734,16.2,9.076,50.7,5.620519800069748,5.672979127380205,2.7240010725500454
2021-07-16 06:30:00,5.734,15.898,8.762,49.6,5.578418528159113,5.630484901706945,2.70359657013394
2021-07-16 06:45:00,5.627,15.898,8.762,49.1,5.506144678045858,5.557536480967849,2.6685688409862935
2021-07-16 07:00:00,5.627,15.898,8.455,48.5,5.545840162990173,5.5976024651740675,2.6878073718357647
2021-07-16 07:15:00,5.522,15.6,8.154,48.0,5.475370653101657,5.526475225535254,2.6536541213630933
2021-07-16 07:30:00,5.522,15.6,8.154,47.4,5.544336546136221,5.596084814257165,2.687078639606618
2021-07-16 07:45:00,5.417,15.305,7.574,46.4,5.494717189955829,5.546002333999394,2.6630304760447796
2021-07-16 08:00:00,5.417,15.6,7.574,46.4,5.476373064337625,5.527486992813189,2.6541399428491914
2021-07-16 08:15:00,5.313,15.305,7.574,45.3,5.453317605910372,5.504216345420689,2.642966048668943
2021-07-16 08:30:00,5.313,15.305,7.54,44.8,5.326512584560484,5.376227784761942,2.581509630677578
2021-07-16 08:45:00,5.21,15.014,7.506,44.3,5.344756469055093,5.394641949220355,2.5903515817245575
2021-07-16 09:00:00,5.21,15.014,7.472,43.2,5.2783968452340435,5.327662955421073,2.5581901993448866
2021-07-16 09:15:00,5.107,15.014,7.438,42.7,5.163520517592168,5.211714425369749,2.502515057038085
2021-07-16 09:30:00,5.107,15.014,7.405,42.7,5.050147806804244,5.097283546235326,2.4475686469604296
2021-07-16 09:45:00,5.006,14.725,7.371,42.2,4.828113718037443,4.873177094172776,2.339959187789779
2021-07-16 10:00:00,5.006,14.725,7.338,42.2,4.686372769271639,4.7301132010728,2.2712640296555584
2021-07-16 10:15:00,4.904,14.439,7.305,41.2,4.546436160730576,4.588870489073108,2.2034433501963133
2021-07-16 10:30:00,4.904,14.439,7.272,41.2,4.4105091971333845,4.451674846185155,2.1375659566814598
2021-07-16 10:45:00,4.804,14.439,7.239,40.7,4.307461322075925,4.347665170013461,2.0876235079106116
2021-07-16 11:00:00,4.804,14.439,7.206,40.7,4.226566735333348,4.266015550684125,2.0484177139825235
2021-07-16 11:15:00,4.705,14.155,7.173,39.8,4.1781502726361195,4.217147191159878,2.024952536204003
2021-07-16 11:30:00,4.705,14.155,7.14,39.8,4.1586032535347535,4.197417729240151,2.0154790172250974
2021-07-16 11:45:00,4.606,13.873,7.107,39.3,4.149581552411047,4.188311823738738,2.011106623850218
2021-07-16 12:00:00,4.508,13.873,7.075,39.3,4.091040736230545,4.129224614707349,1.9827346490621103
2021-07-16 12:15:00,4.508,13.592,7.042,38.8,4.033101366791624,4.0707444660427194,1.9546541671656605
2021-07-16 12:30:00,4.508,13.592,7.01,38.8,3.9975157679147784,4.034826727676036,1.9374075044091907
2021-07-16 12:45:00,4.411,13.592,6.978,37.8,3.981076223644912,4.018233744317906,1.929440032037188
2021-07-16 13:00:00,4.411,13.311,6.946,37.8,3.936769647015149,3.9735136306331897,1.9079667223516679
2021-07-16 13:15:00,4.315,13.311,6.914,37.4,3.9213325139812483,3.9579324145529933,1.900485071465762
2021-07-16 13:30:00,4.315,13.031,6.882,37.4,3.8968736798236416,3.9332452929713853,1.888631027204977
2021-07-16 13:45:00,4.315,13.031,6.85,36.4,3.882639440272902,3.9188781976247107,1.8817323621023887
2021-07-16 14:00:00,4.22,12.751,6.818,36.4,3.859383499598456,3.895405196776624,1.8704613036249211
2021-07-16 14:15:00,4.22,12.751,6.787,36.0,3.85898253510407,3.8950004898654513,1.8702669750304823
2021-07-16 14:30:00,4.22,12.751,6.755,35.5,3.768464800496204,3.803637904667941,1.8263972948358556
2021-07-16 14:45:00,4.126,12.751,6.724,35.5,3.641158573528332,3.675143460370226,1.7646979661014421
2021-07-16 15:00:00,4.126,12.751,6.692,35.5,3.574097261842105,3.6074562294763894,1.7321965086815025
2021-07-16 15:15:00,4.033,12.751,6.661,34.6,3.4856845908297713,3.518218355562543,1.6893470536076813
2021-07-16 15:30:00,4.033,12.47,6.63,34.6,3.4479939283573944,3.480175905912197,1.6710801657304066
2021-07-16 15:45:00,3.941,12.47,6.599,34.1,3.439072468357284,3.4711711771385776,1.6667563545041368
2021-07-16 16:00:00,3.941,12.189,6.568,34.1,3.3314135016143767,3.362507371488386,1.61457912689724
2021-07-16 16:15:00,3.941,12.189,6.537,34.1,3.3048496038612387,3.3356955386231153,1.60170485751565
2021-07-16 16:30:00,3.941,11.906,6.507,33.3,3.237186845433432,3.267401247362519,1.5689119072040523
2021-07-16 16:45:00,3.941,11.906,6.476,33.3,3.1686219168932555,3.198196365551781,1.5356817175549666
2021-07-16 17:00:00,3.849,11.906,6.446,33.3,3.196689431500344,3.2265258493339535,1.5492847191657029
2021-07-16 17:15:00,3.849,11.621,6.415,32.8,3.114591951274607,3.143662109271097,1.509495939454298
2021-07-16 17:30:00,3.759,11.906,6.385,32.8,3.1415568135221323,3.1708786490475416,1.5225645374303272
2021-07-16 17:45:00,3.759,11.621,6.355,32.0,3.1883694182418143,3.2181281809270947,1.5452524008310917
2021-07-16 18:00:00,3.759,11.334,6.325,32.0,3.196990154871135,3.2268293795173344,1.5494304656115325
2021-07-16 18:15:00,3.759,11.334,6.295,31.6,3.2545285598156677,3.2849048212707883,1.5773166189135421
2021-07-16 18:30:00,3.759,11.044,6.265,31.6,3.183457603185573,3.213170521265214,1.5428718755492123
2021-07-16 18:45:00,3.67,11.334,6.235,31.6,3.092839627454111,3.121706759339911,1.4989536132059762
2021-07-16 19:00:00,3.582,11.334,6.206,31.6,3.0125464874531143,3.0406642003773365,1.460039312169547
2021-07-16 19:15:00,3.582,11.334,6.176,31.1,2.943580594418551,2.9710546116554255,1.4266147939260225
2021-07-16 19:30:00,3.582,11.334,6.147,30.7,2.903885109474238,2.9309886274492087,1.4073762630765518
2021-07-16 19:45:00,3.494,11.334,6.118,30.7,2.8958658195864984,2.922894489225731,1.40348969118777
2021-07-16 20:00:00,3.494,11.334,6.088,30.3,2.8670966171142305,2.8938567683490026,1.3895466145367643
2021-07-16 20:15:00,3.494,11.044,6.059,30.3,2.7781827404839134,2.8041130107961894,1.3464542487198945
2021-07-16 20:30:00,3.408,11.334,6.03,30.3,2.779385633967075,2.8053271315297112,1.3470372345032118
2021-07-16 20:45:00,3.408,10.751,6.001,29.9,2.7112216699212848,2.7365269566301476,1.3140013734485654
2021-07-16 21:00:00,3.408,11.044,5.973,29.9,2.654485193965525,2.6792609286990405,1.2865038773354334
2021-07-16 21:15:00,3.408,11.044,5.944,29.5,2.7261575973372008,2.7516022890713754,1.3212401135914218
2021-07-16 21:30:00,3.323,10.455,5.915,29.1,2.749714261382437,2.7753788201028424,1.3326569185147188
2021-07-16 21:45:00,3.323,10.455,5.887,28.6,2.803042539135908,2.829204839288972,1.3585026215751188
2021-07-16 22:00:00,3.323,10.455,5.859,28.6,2.895364613968514,2.922388605586763,1.4032467804447208
2021-07-16 22:15:00,3.238,10.155,5.83,28.2,2.8803284454290026,2.9072120964177426,1.3959594581532553
2021-07-16 22:30:00,3.238,10.155,5.802,28.2,2.8608816674512334,2.8875838112258085,1.386534521322959
2021-07-16 22:45:00,3.155,10.155,5.774,28.2,,,
2021-07-16 23:00:00,3.238,10.155,5.746,27.8,,,
2021-07-16 23:15:00,3.238,10.155,5.719,27.8,,,
2021-07-16 23:30:00,3.238,10.155,5.691,27.3,,,
2021-07-16 23:45:00,3.155,9.85,5.663,27.3,,,
2021-07-17 00:00:00,3.073,9.85,5.636,26.9,,,
